# Rhino

mtllib trytry.mtl
usemtl 其他电路板
v 1720.6046142578125 0 -276.01675415039062
v 1730.21337890625 0 -289.17645263671875
v 1745.184326171875 0 -298.42840576171875
v 1761.548828125 0 -302.90472412109375
v 1778.180419921875 0 -303.98568725585938
v 1795.589111328125 0 -302.32159423828125
v 1812.66943359375 0 -298.25222778320312
v 1828.4976806640625 0 -292.34323120117188
v 1843.5780029296875 0 -284.5927734375
v 1857.799560546875 0 -274.92544555664062
v 1870.57470703125 0 -263.43212890625
v 1881.34765625 0 -250.04399108886719
v 1889.1544189453125 0 -234.73519897460938
v 1892.3514404296875 0 -217.93844604492188
v 1720.6046142578125 0 -276.01675415039062
v 1729.8701171875 2.5673356056213379 -288.39913940429688
v 1744.528076171875 4.9075798988342285 -296.94247436523438
v 1760.66162109375 6.6341323852539062 -300.89605712890625
v 1777.1270751953125 7.877230167388916 -301.60064697265625
v 1794.416748046875 8.7660064697265625 -299.66744995117188
v 1811.4285888671875 9.2785749435424805 -295.44287109375
v 1827.2354736328125 9.4381914138793945 -289.48553466796875
v 1842.3372802734375 9.277430534362793 -281.78378295898438
v 1856.625732421875 8.7779502868652344 -272.2677001953125
v 1869.5162353515625 7.9148588180541992 -261.03567504882812
v 1880.45947265625 6.6418051719665527 -248.03298950195312
v 1888.5001220703125 4.892153263092041 -233.25396728515625
v 1892.000732421875 2.6226630210876465 -217.14436340332031
v 1889.0986328125 0 -201.59632873535156
v 1720.6046142578125 0 -276.01675415039062
v 1729.100830078125 4.4774479866027832 -286.65737915039062
v 1743.0574951171875 8.5588474273681641 -293.61306762695312
v 1758.6737060546875 11.569964408874512 -296.39529418945312
v 1774.7666015625 13.737934112548828 -296.25653076171875
v 1791.7900390625 15.287964820861816 -293.72036743164062
v 1808.6483154296875 16.181886672973633 -289.14804077148438
v 1824.4073486328125 16.460258483886719 -283.08242797851562
v 1839.557373046875 16.179893493652344 -275.48971557617188
v 1853.995361328125 15.308795928955078 -266.3125
v 1867.14453125 13.803559303283691 -255.66604614257812
v 1878.46923828125 11.583346366882324 -243.52702331542969
v 1887.0341796875 8.5319433212280273 -229.93501281738281
v 1891.21484375 4.573939323425293 -215.36508178710938
v 1889.0986328125 0 -201.59632873535156
v 1720.6046142578125 0 -276.01675415039062
v 1728.1495361328125 5.8461794853210449 -284.50357055664062
v 1741.2391357421875 11.175239562988281 -289.49594116210938
v 1756.2154541015625 15.106839179992676 -290.8297119140625
v 1771.8477783203125 17.937545776367188 -289.64810180664062
v 1788.5419921875 19.96141242980957 -286.36630249023438
v 1805.210205078125 21.12860107421875 -281.36398315429688
v 1820.91015625 21.492069244384766 -275.16445922851562
v 1836.1197509765625 21.125997543334961 -267.70660400390625
v 1850.7427978515625 19.988611221313477 -258.94842529296875
v 1864.2117919921875 18.023231506347656 -249.02603149414062
v 1876.00830078125 15.124311447143555 -237.95501708984375
v 1885.221435546875 11.140110969543457 -225.83082580566406
v 1890.2430419921875 5.9721670150756836 -213.16485595703125
v 1720.6046142578125 0 -276.01675415039062
v 1727.1448974609375 6.7887182235717773 -282.22915649414062
v 1739.31884765625 12.976945877075195 -285.1483154296875
v 1753.61962890625 17.542409896850586 -284.95254516601562
v 1768.765625 20.829490661621094 -282.66964721679688
v 1785.1119384765625 23.179651260375977 -278.60049438476562
v 1801.5797119140625 24.535018920898438 -273.14410400390625
v 1817.2171630859375 24.957086563110352 -266.80316162109375
v 1832.4896240234375 24.531993865966797 -259.48773193359375
v 1847.3082275390625 23.211235046386719 -251.17204284667969
v 1861.1148681640625 20.928991317749023 -242.01426696777344
v 1873.409423828125 17.562698364257812 -232.071044921875
v 1883.3072509765625 12.936154365539551 -221.49687194824219
v 1889.216796875 6.9350180625915527 -210.84144592285156
v 1889.0986328125 0 -201.59632873535156
v 1720.6046142578125 0 -276.01675415039062
v 1726.0379638671875 7.4582819938659668 -279.72283935546875
v 1737.2027587890625 14.256847381591797 -280.35739135742188
v 1750.7591552734375 19.272598266601562 -278.47607421875
v 1765.369140625 22.883880615234375 -274.97964477539062
v 1781.332275390625 25.46583366394043 -270.0428466796875
v 1797.5789794921875 26.954879760742188 -264.0860595703125
v 1813.1475830078125 27.418575286865234 -257.58929443359375
v 1828.4893798828125 26.951557159423828 -250.43081665039062
v 1843.5233154296875 25.500534057617188 -242.60272216796875
v 1857.7021484375 22.993194580078125 -234.28752136230469
v 1870.545654296875 19.294887542724609 -225.58709716796875
v 1881.1978759765625 14.212032318115234 -216.72100830078125
v 1888.0859375 7.619011402130127 -208.28111267089844
v 1889.0986328125 0 -201.59632873535156
v 1720.6046142578125 0 -276.01675415039062
v 1724.8966064453125 7.843904972076416 -277.13870239257812
v 1735.02099609375 14.993983268737793 -275.41766357421875
v 1747.809814453125 20.269067764282227 -271.79849243164062
v 1761.8670654296875 24.067068099975586 -267.05081176757812
v 1777.43505859375 26.78251838684082 -261.21942138671875
v 1793.453857421875 28.348554611206055 -254.74668884277344
v 1808.95166015625 28.836225509643555 -248.08927917480469
v 1824.3648681640625 28.345060348510742 -241.09260559082031
v 1839.620849609375 26.819013595581055 -233.76727294921875
v 1854.183349609375 24.182033538818359 -226.32081604003906
v 1867.5927734375 20.292510986328125 -218.90179443359375
v 1879.02294921875 14.946850776672363 -211.79679870605469
v 1886.9200439453125 8.012944221496582 -205.64126586914062
v 1889.0986328125 0 -201.59632873535156
v 1720.6046142578125 0 -276.01675415039062
v 1723.78125 7.9645423889160156 -274.6136474609375
v 1732.88916015625 15.224587440490723 -270.59091186523438
v 1744.9278564453125 20.580801010131836 -265.27362060546875
v 1758.4451904296875 24.437213897705078 -259.30331420898438
v 1773.6270751953125 27.194427490234375 -252.5977783203125
v 1789.4232177734375 28.784547805786133 -245.62092590332031
v 1804.8516845703125 29.279720306396484 -238.80653381347656
v 1820.334716796875 28.781000137329102 -231.96797180175781
v 1835.8076171875 27.231483459472656 -225.13389587402344
v 1850.7451171875 24.553947448730469 -218.53631591796875
v 1864.7076416015625 20.604604721069336 -212.36936950683594
v 1876.8978271484375 15.176730155944824 -206.98521423339844
v 1885.78076171875 8.1361818313598633 -203.06179809570312
v 1889.0986328125 0 -201.59632873535156
v 1720.6046142578125 0 -276.01675415039062
v 1722.675537109375 7.8459606170654297 -272.11004638671875
v 1730.775390625 14.997913360595703 -265.80514526367188
v 1742.0704345703125 20.274379730224609 -258.80416870117188
v 1755.0523681640625 24.073375701904297 -251.62162780761719
v 1769.8514404296875 26.78953742980957 -244.04936218261719
v 1785.4268798828125 28.355983734130859 -236.57267761230469
v 1800.7864990234375 28.843782424926758 -229.60263061523438
v 1816.3387451171875 28.352489471435547 -222.92083740234375
v 1832.02685546875 26.826042175292969 -216.57383728027344
v 1847.3360595703125 24.188371658325195 -210.81791687011719
v 1861.8468017578125 20.297828674316406 -205.89244079589844
v 1874.7906494140625 14.95076847076416 -202.21450805664062
v 1884.651123046875 8.0150442123413086 -200.50424194335938
v 1889.0986328125 0 -201.59632873535156
v 1720.6046142578125 0 -276.01675415039062
v 1721.566650390625 7.4775371551513672 -269.59942626953125
v 1728.6556396484375 14.293655395507812 -261.0059814453125
v 1739.205078125 19.322355270385742 -252.31658935546875
v 1751.6500244140625 22.942960739135742 -243.91841125488281
v 1766.065185546875 25.531579971313477 -235.47700500488281
v 1781.419189453125 27.024469375610352 -227.49906921386719
v 1796.7098388671875 27.489362716674805 -220.3729248046875
v 1812.3316650390625 27.021139144897461 -213.84835815429688
v 1828.2354736328125 25.566370010375977 -207.98979187011719
v 1843.91748046875 23.052556991577148 -203.07791137695312
v 1858.9781494140625 19.344701766967773 -199.39735412597656
v 1872.6776123046875 14.248723983764648 -197.430419921875
v 1883.518310546875 7.6386814117431641 -197.93951416015625
v 1889.0986328125 0 -201.59632873535156
v 1720.6046142578125 0 -276.01675415039062
v 1720.48193359375 6.8369259834289551 -267.14370727539062
v 1726.582275390625 13.069097518920898 -256.311767578125
v 1736.4022216796875 17.666980743408203 -245.97088623046875
v 1748.322021484375 20.977405548095703 -236.38365173339844
v 1762.3616943359375 23.344253540039062 -227.09211730957031
v 1777.499267578125 24.709245681762695 -218.62388610839844
v 1792.722412109375 25.134311676025391 -211.34507751464844
v 1808.412109375 24.706199645996094 -204.97425842285156
v 1824.5269775390625 23.376062393188477 -199.59347534179688
v 1840.5736083984375 21.077611923217773 -195.50715637207031
v 1856.172119140625 17.687414169311523 -193.0443115234375
v 1870.61083984375 13.028016090393066 -192.75096130371094
v 1882.4102783203125 6.9842648506164551 -195.43087768554688
v 1889.0986328125 0 -201.59632873535156
v 1719.429931640625 5.8653402328491211 -264.76171875
v 1724.5712890625 11.21186637878418 -251.75851440429688
v 1733.6837158203125 15.156351089477539 -239.81573486328125
v 1745.093994140625 17.996335983276367 -229.07516479492188
v 1758.76953125 20.026834487915039 -218.95901489257812
v 1773.6968994140625 21.197849273681641 -210.01524353027344
v 1788.854736328125 21.562509536743164 -202.58831787109375
v 1804.6103515625 21.195236206054688 -196.36666870117188
v 1820.9298095703125 20.054122924804688 -191.44929504394531
v 1837.3302001953125 18.082302093505859 -188.16375732421875
v 1853.4503173828125 15.173880577087402 -186.88204956054688
v 1868.6060791015625 11.17662239074707 -188.21202087402344
v 1881.3355712890625 5.9917407035827637 -192.99755859375
v 1889.0986328125 0 -201.59632873535156
v 1720.6046142578125 0 -276.01675415039062
v 1718.4561767578125 4.4672307968139648 -262.55722045898438
v 1722.7099609375 8.5393161773681641 -247.54450988769531
v 1731.1676025390625 11.543561935424805 -234.11920166015625
v 1742.1064453125 13.706583976745605 -222.31121826171875
v 1755.4449462890625 15.253077507019043 -211.43190002441406
v 1770.177978515625 16.144960403442383 -202.04800415039062
v 1785.2752685546875 16.422697067260742 -194.48402404785156
v 1801.091796875 16.142971038818359 -188.40040588378906
v 1817.6007080078125 15.273861885070801 -183.91192626953125
v 1834.328369140625 13.772059440612793 -181.36749267578125
v 1850.931396484375 11.556912422180176 -181.17892456054688
v 1866.7506103515625 8.5124731063842773 -184.01127624511719
v 1880.3409423828125 4.5635013580322266 -190.74555969238281
v 1889.0986328125 0 -201.59632873535156
v 1720.6046142578125 0 -276.01675415039062
v 1717.6727294921875 2.4943442344665527 -260.783447265625
v 1721.21240234375 4.7680535316467285 -244.15382385253906
v 1729.1431884765625 6.4455184936523438 -229.53562927246094
v 1739.70263671875 7.6532745361328125 -216.8687744140625
v 1752.7698974609375 8.5167818069458008 -205.37539672851562
v 1767.3465576171875 9.0147771835327148 -195.63735961914062
v 1782.3951416015625 9.169856071472168 -187.96310424804688
v 1798.2607421875 9.0136661529541016 -181.99055480957031
v 1814.922119140625 8.5283870697021484 -177.84716796875
v 1831.9130859375 7.6898331642150879 -175.8990478515625
v 1848.904541015625 6.4529733657836914 -176.59004211425781
v 1865.2578125 4.7530655860900879 -180.63124084472656
v 1879.54052734375 2.5480985641479492 -188.93354797363281
v 1889.0986328125 0 -201.59632873535156
v 1720.6046142578125 0 -276.01675415039062
v 1717.3492431640625 0 -260.05084228515625
v 1720.5938720703125 0 -242.75341796875
v 1728.3070068359375 0 -227.64253234863281
v 1738.7098388671875 0 -214.62095642089844
v 1751.6650390625 0 -202.87396240234375
v 1766.1771240234375 0 -192.98965454101562
v 1781.20556640625 0 -185.26985168457031
v 1797.0914306640625 0 -179.34318542480469
v 1813.815673828125 0 -175.34231567382812
v 1830.91552734375 0 -173.6405029296875
v 1848.0675048828125 0 -174.69476318359375
v 1864.64111328125 0 -179.2352294921875
v 1879.2099609375 0 -188.18515014648438
v 1889.0986328125 0 -201.59632873535156
v 1720.6046142578125 0 -276.01675415039062
v 1717.6925048828125 -2.5673356056213379 -260.82815551757812
v 1721.2501220703125 -4.9075798988342285 -244.23933410644531
v 1729.1942138671875 -6.6341323852539062 -229.65119934082031
v 1739.7633056640625 -7.877230167388916 -217.00601196289062
v 1752.83740234375 -8.7660064697265625 -205.52812194824219
v 1767.41796875 -9.2785749435424805 -195.79899597167969
v 1782.4677734375 -9.4381914138793945 -188.12753295898438
v 1798.33203125 -9.277430534362793 -182.15219116210938
v 1814.9896240234375 -8.7779502868652344 -178.00009155273438
v 1831.9739990234375 -7.9148588180541992 -176.03694152832031
v 1848.9556884765625 -6.6418051719665527 -176.70574951171875
v 1865.29541015625 -4.892153263092041 -180.71647644042969
v 1879.560791015625 -2.6226630210876465 -188.97923278808594
v 1889.0986328125 0 -201.59632873535156
v 1720.6046142578125 0 -276.01675415039062
v 1718.4617919921875 -4.4774479866027832 -262.56991577148438
v 1722.720703125 -8.5588474273681641 -247.56875610351562
v 1731.18212890625 -11.569964408874512 -234.15196228027344
v 1742.1236572265625 -13.737934112548828 -222.35011291503906
v 1755.464111328125 -15.287964820861816 -211.47518920898438
v 1770.1982421875 -16.181886672973633 -202.09381103515625
v 1785.2958984375 -16.460258483886719 -194.5306396484375
v 1801.112060546875 -16.179893493652344 -188.44622802734375
v 1817.619873046875 -15.308795928955078 -183.95527648925781
v 1834.345703125 -13.803559303283691 -181.40658569335938
v 1850.9459228515625 -11.583346366882324 -181.21171569824219
v 1866.7613525390625 -8.5319433212280273 -184.03543090820312
v 1880.3465576171875 -4.573939323425293 -190.75851440429688
v 1889.0986328125 0 -201.59632873535156
v 1720.6046142578125 0 -276.01675415039062
v 1719.4130859375 -5.8461794853210449 -264.72372436523438
v 1724.5391845703125 -11.175239562988281 -251.68586730957031
v 1733.6402587890625 -15.106839179992676 -239.71754455566406
v 1745.04248046875 -17.937545776367188 -228.95855712890625
v 1758.7122802734375 -19.96141242980957 -218.82925415039062
v 1773.63623046875 -21.12860107421875 -209.87789916992188
v 1788.7930908203125 -21.492069244384766 -202.44862365722656
v 1804.5496826171875 -21.125997543334961 -196.22933959960938
v 1820.8724365234375 -19.988611221313477 -191.31936645507812
v 1837.2784423828125 -18.023231506347656 -188.04660034179688
v 1853.406982421875 -15.124311447143555 -186.78372192382812
v 1868.5740966796875 -11.140110969543457 -188.13960266113281
v 1881.318359375 -5.9721670150756836 -192.958740234375
v 1720.6046142578125 0 -276.01675415039062
v 1720.417724609375 -6.7887182235717773 -266.99813842773438
v 1726.4593505859375 -12.976945877075195 -256.03347778320312
v 1736.236083984375 -17.542409896850586 -245.59471130371094
v 1748.124755859375 -20.829490661621094 -235.93699645996094
v 1762.1422119140625 -23.179651260375977 -226.59506225585938
v 1777.266845703125 -24.535018920898438 -218.0977783203125
v 1792.486083984375 -24.957086563110352 -210.80990600585938
v 1808.1798095703125 -24.531993865966797 -204.44821166992188
v 1824.30712890625 -23.211235046386719 -199.09573364257812
v 1840.3753662109375 -20.928991317749023 -195.05836486816406
v 1856.0057373046875 -17.562698364257812 -192.66769409179688
v 1870.48828125 -12.936154365539551 -192.47355651855469
v 1882.3446044921875 -6.9350180625915527 -195.28216552734375
v 1889.0986328125 0 -201.59632873535156
v 1720.6046142578125 0 -276.01675415039062
v 1721.524658203125 -7.4582819938659668 -269.50445556640625
v 1728.575439453125 -14.256847381591797 -260.82443237304688
v 1739.0966796875 -19.272598266601562 -252.0711669921875
v 1751.521240234375 -22.883880615234375 -243.62699890136719
v 1765.9219970703125 -25.46583366394043 -235.1527099609375
v 1781.267578125 -26.954879760742188 -227.15582275390625
v 1796.5556640625 -27.418575286865234 -220.02377319335938
v 1812.1800537109375 -26.951557159423828 -213.50514221191406
v 1828.092041015625 -25.500534057617188 -207.66505432128906
v 1843.7880859375 -22.993194580078125 -202.78509521484375
v 1858.86962890625 -19.294887542724609 -199.15164184570312
v 1872.59765625 -14.212032318115234 -197.24943542480469
v 1883.4754638671875 -7.619011402130127 -197.84248352050781
v 1889.0986328125 0 -201.59632873535156
v 1720.6046142578125 0 -276.01675415039062
v 1722.666015625 -7.843904972076416 -272.08859252929688
v 1730.7572021484375 -14.993983268737793 -265.76416015625
v 1742.0460205078125 -20.269067764282227 -258.74874877929688
v 1755.0233154296875 -24.067068099975586 -251.55583190917969
v 1769.819091796875 -26.78251838684082 -243.97615051269531
v 1785.392578125 -28.348554611206055 -236.49517822265625
v 1800.7515869140625 -28.836225509643555 -229.52378845214844
v 1816.3045654296875 -28.345060348510742 -222.84335327148438
v 1831.9945068359375 -26.819013595581055 -216.50051879882812
v 1847.306884765625 -24.182033538818359 -210.75181579589844
v 1861.8223876953125 -20.292510986328125 -205.83695983886719
v 1874.7725830078125 -14.946850776672363 -202.17364501953125
v 1884.6414794921875 -8.012944221496582 -200.48233032226562
v 1889.0986328125 0 -201.59632873535156
v 1720.6046142578125 0 -276.01675415039062
v 1723.78125 -7.9645423889160156 -274.6136474609375
v 1732.88916015625 -15.224587440490723 -270.59091186523438
v 1744.9278564453125 -20.580801010131836 -265.27362060546875
v 1758.4451904296875 -24.437213897705078 -259.30331420898438
v 1773.6270751953125 -27.194427490234375 -252.5977783203125
v 1789.4232177734375 -28.784547805786133 -245.62092590332031
v 1804.8516845703125 -29.279720306396484 -238.80653381347656
v 1820.334716796875 -28.781000137329102 -231.96797180175781
v 1835.8076171875 -27.231483459472656 -225.13389587402344
v 1850.7451171875 -24.553947448730469 -218.53631591796875
v 1864.7076416015625 -20.604604721069336 -212.36936950683594
v 1876.8978271484375 -15.176730155944824 -206.98521423339844
v 1885.78076171875 -8.1361818313598633 -203.06179809570312
v 1889.0986328125 0 -201.59632873535156
v 1720.6046142578125 0 -276.01675415039062
v 1724.8870849609375 -7.8459606170654297 -277.11724853515625
v 1735.0029296875 -14.997913360595703 -275.37667846679688
v 1747.7852783203125 -20.274379730224609 -271.74307250976562
v 1761.8380126953125 -24.073375701904297 -266.98501586914062
v 1777.4027099609375 -26.78953742980957 -261.14617919921875
v 1793.419677734375 -28.355983734130859 -254.669189453125
v 1808.916748046875 -28.843782424926758 -248.01043701171875
v 1824.3306884765625 -28.352489471435547 -241.01512145996094
v 1839.5885009765625 -26.826042175292969 -233.69395446777344
v 1854.1541748046875 -24.188371658325195 -226.25469970703125
v 1867.568359375 -20.297828674316406 -218.8463134765625
v 1879.0048828125 -14.95076847076416 -211.75593566894531
v 1886.910400390625 -8.0150442123413086 -205.61935424804688
v 1889.0986328125 0 -201.59632873535156
v 1720.6046142578125 0 -276.01675415039062
v 1725.9959716796875 -7.4775371551513672 -279.62786865234375
v 1737.12255859375 -14.293655395507812 -280.17584228515625
v 1750.6507568359375 -19.322355270385742 -278.23065185546875
v 1765.2403564453125 -22.942960739135742 -274.688232421875
v 1781.18896484375 -25.531579971313477 -269.71853637695312
v 1797.4273681640625 -27.024469375610352 -263.7427978515625
v 1812.993408203125 -27.489362716674805 -257.24014282226562
v 1828.3377685546875 -27.021139144897461 -250.08760070800781
v 1843.3798828125 -25.566370010375977 -242.27798461914062
v 1857.57275390625 -23.052556991577148 -233.99472045898438
v 1870.43701171875 -19.344701766967773 -225.34140014648438
v 1881.117919921875 -14.248723983764648 -216.54002380371094
v 1888.0430908203125 -7.6386814117431641 -208.18408203125
v 1889.0986328125 0 -201.59632873535156
v 1720.6046142578125 0 -276.01675415039062
v 1727.08056640625 -6.8369259834289551 -282.08358764648438
v 1739.1959228515625 -13.069097518920898 -284.87005615234375
v 1753.4534912109375 -17.666980743408203 -284.57635498046875
v 1768.568359375 -20.977405548095703 -282.22299194335938
v 1784.8924560546875 -23.344253540039062 -278.10345458984375
v 1801.3472900390625 -24.709245681762695 -272.61798095703125
v 1816.9808349609375 -25.134311676025391 -266.26800537109375
v 1832.25732421875 -24.706199645996094 -258.96170043945312
v 1847.08837890625 -23.376062393188477 -250.67431640625
v 1860.9166259765625 -21.077611923217773 -241.56547546386719
v 1873.2430419921875 -17.687414169311523 -231.69444274902344
v 1883.184814453125 -13.028016090393066 -221.219482421875
v 1889.151123046875 -6.9842648506164551 -210.69273376464844
v 1889.0986328125 0 -201.59632873535156
v 1728.1326904296875 -5.8653402328491211 -284.465576171875
v 1741.20703125 -11.21186637878418 -289.42330932617188
v 1756.172119140625 -15.156351089477539 -290.73150634765625
v 1771.79638671875 -17.996335983276367 -289.531494140625
v 1788.484619140625 -20.026834487915039 -286.23654174804688
v 1805.1495361328125 -21.197849273681641 -281.22662353515625
v 1820.8485107421875 -21.562509536743164 -275.02474975585938
v 1836.05908203125 -21.195236206054688 -267.56927490234375
v 1850.6854248046875 -20.054122924804688 -258.8184814453125
v 1864.1600341796875 -18.082302093505859 -248.90887451171875
v 1875.96484375 -15.173880577087402 -237.85670471191406
v 1885.189453125 -11.17662239074707 -225.7584228515625
v 1890.225830078125 -5.9917407035827637 -213.12603759765625
v 1889.0986328125 0 -201.59632873535156
v 1720.6046142578125 0 -276.01675415039062
v 1729.1063232421875 -4.4672307968139648 -286.67007446289062
v 1743.0682373046875 -8.5393161773681641 -293.63729858398438
v 1758.688232421875 -11.543561935424805 -296.42803955078125
v 1774.7838134765625 -13.706583976745605 -296.29544067382812
v 1791.8092041015625 -15.253077507019043 -293.76364135742188
v 1808.6685791015625 -16.144960403442383 -289.19387817382812
v 1824.427978515625 -16.422697067260742 -283.1290283203125
v 1839.57763671875 -16.142971038818359 -275.53555297851562
v 1854.0145263671875 -15.273861885070801 -266.35586547851562
v 1867.161865234375 -13.772059440612793 -255.70512390136719
v 1878.4837646484375 -11.556912422180176 -243.55982971191406
v 1887.044921875 -8.5124731063842773 -229.95916748046875
v 1891.2205810546875 -4.5635013580322266 -215.37803649902344
v 1889.0986328125 0 -201.59632873535156
v 1720.6046142578125 0 -276.01675415039062
v 1729.8897705078125 -2.4943442344665527 -288.44384765625
v 1744.5657958984375 -4.7680535316467285 -297.02798461914062
v 1760.712646484375 -6.4455184936523438 -301.01162719726562
v 1777.1876220703125 -7.6532745361328125 -301.73788452148438
v 1794.4842529296875 -8.5167818069458008 -299.82015991210938
v 1811.5 -9.0147771835327148 -295.60452270507812
v 1827.30810546875 -9.169856071472168 -289.64996337890625
v 1842.40869140625 -9.0136661529541016 -281.94540405273438
v 1856.6932373046875 -8.5283870697021484 -272.42062377929688
v 1869.5771484375 -7.6898331642150879 -261.173583984375
v 1880.5106201171875 -6.4529733657836914 -248.14871215820312
v 1888.537841796875 -4.7530655860900879 -233.33920288085938
v 1892.0208740234375 -2.5480985641479492 -217.1900634765625
v 1889.0986328125 0 -201.59632873535156
v 1730.21337890625 0 -289.17645263671875
v 1745.184326171875 0 -298.42840576171875
v 1761.548828125 0 -302.90472412109375
v 1778.180419921875 0 -303.98568725585938
v 1795.589111328125 0 -302.32159423828125
v 1812.66943359375 0 -298.25222778320312
v 1828.4976806640625 0 -292.34323120117188
v 1843.5780029296875 0 -284.5927734375
v 1857.799560546875 0 -274.92544555664062
v 1870.57470703125 0 -263.43212890625
v 1881.34765625 0 -250.04399108886719
v 1889.1544189453125 0 -234.73519897460938
v 1892.3514404296875 0 -217.93844604492188
v 1889.0986328125 0 -201.59632873535156
v 1724.36865234375 1.2660739421844482 -282.47869873046875
v 1730.1314697265625 1.2670166492462158 -288.99099731445312
v 1724.5379638671875 0 -282.86203002929688
v 1720.6046142578125 0 -276.01675415039062
v 1724.49755859375 0.62482553720474243 -282.77056884765625
v 1736.47705078125 3.7569906711578369 -293.11505126953125
v 1745.02783203125 2.4219603538513184 -298.07388305664062
v 1736.9794921875 0 -294.2525634765625
v 1736.859619140625 1.854128360748291 -293.981201171875
v 1752.21044921875 5.8070354461669922 -299.32122802734375
v 1761.337158203125 3.274038553237915 -302.42550659179688
v 1752.987060546875 0 -301.0794677734375
v 1752.8017578125 2.8658547401428223 -300.66000366210938
v 1768.7200927734375 7.2966723442077637 -301.58831787109375
v 1777.92919921875 3.8875250816345215 -303.41668701171875
v 1769.6959228515625 0 -303.797607421875
v 1769.463134765625 3.6010117530822754 -303.2705078125
v 1785.740234375 8.3684329986572266 -300.94845581054688
v 1795.3094482421875 4.326148509979248 -301.68838500976562
v 1786.8592529296875 0 -303.48223876953125
v 1786.59228515625 4.1299405097961426 -302.87774658203125
v 1803.020751953125 9.0687990188598633 -297.810302734375
v 1812.3734130859375 4.579108715057373 -297.58197021484375
v 1804.2335205078125 0 -300.55615234375
v 1803.944091796875 4.4755816459655762 -299.90106201171875
v 1819.5255126953125 9.3995218276977539 -292.64276123046875
v 1828.196533203125 4.6578817367553711 -291.66143798828125
v 1820.782470703125 0 -295.48873901367188
v 1820.4825439453125 4.6387982368469238 -294.80975341796875
v 1834.788330078125 9.3992490768432617 -285.89971923828125
v 1843.281982421875 4.5785441398620605 -283.922607421875
v 1836.0452880859375 0 -288.74560546875
v 1835.745361328125 4.6386628150939941 -288.066650390625
v 1849.5982666015625 9.0722866058349609 -277.26034545898438
v 1857.51953125 4.3320436477661133 -274.2913818359375
v 1850.8115234375 0 -280.00723266601562
v 1850.52197265625 4.4773025512695312 -279.35189819335938
v 1863.3123779296875 8.3916091918945312 -266.83511352539062
v 1870.3221435546875 3.9060955047607422 -262.86038208007812
v 1864.4345703125 0 -269.37591552734375
v 1864.1668701171875 4.1413784027099609 -268.76974487304688
v 1875.3765869140625 7.3219828605651855 -254.64276123046875
v 1881.1357421875 3.2778253555297852 -249.564208984375
v 1876.355712890625 0 -256.85968017578125
v 1876.1221923828125 3.6135027408599854 -256.33078002929688
v 1885.0506591796875 5.8040833473205566 -240.62945556640625
v 1888.998291015625 2.4143471717834473 -234.38182067871094
v 1885.8267822265625 0 -242.38679504394531
v 1885.6416015625 2.8643975257873535 -241.96754455566406
v 1891.0177001953125 3.7760617733001709 -224.97998046875
v 1892.2677001953125 1.2943215370178223 -217.74900817871094
v 1891.522705078125 0 -226.123291015625
v 1891.4022216796875 1.8635401725769043 -225.85052490234375
v 1891.371337890625 1.2933973073959351 -208.89236450195312
v 1889.0986328125 0 -201.59632873535156
v 1891.5443115234375 0 -209.28398132324219
v 1891.5030517578125 0.63830995559692383 -209.1905517578125
v 1723.9892578125 2.2080402374267578 -281.6197509765625
v 1729.54150390625 3.5439310073852539 -287.65536499023438
v 1720.6046142578125 0 -276.01675415039062
v 1724.2066650390625 1.7476789951324463 -282.11190795898438
v 1735.351318359375 6.552213191986084 -290.56619262695312
v 1743.900146484375 6.7743864059448242 -295.52072143554688
v 1735.996337890625 5.186121940612793 -292.026611328125
v 1889.88623046875 6.5854730606079102 -222.418212890625
v 1891.6651611328125 3.6203041076660156 -216.38456726074219
v 1887.8741455078125 6.7530913352966309 -231.83668518066406
v 1890.5345458984375 5.2124471664428711 -223.88604736328125
v 1890.9837646484375 2.2556922435760498 -208.014892578125
v 1889.0986328125 0 -201.59632873535156
v 1891.205810546875 1.7853958606719971 -208.51765441894531
v 1723.5201416015625 2.8830258846282959 -280.5576171875
v 1728.6575927734375 5.1938457489013672 -285.6539306640625
v 1720.6046142578125 0 -276.01675415039062
v 1723.770751953125 2.5613296031951904 -281.12490844726562
v 1733.959228515625 8.5551891326904297 -287.41433715820312
v 1742.2103271484375 9.9282741546630859 -291.69491577148438
v 1734.7027587890625 7.6005764007568359 -289.0977783203125
v 1888.487060546875 8.5986166000366211 -219.2503662109375
v 1890.7620849609375 5.3057756423950195 -214.34001159667969
v 1886.189697265625 9.8970651626586914 -228.02288818359375
v 1889.234375 7.639157772064209 -220.94232177734375
v 1890.5045166015625 2.9452450275421143 -206.92982482910156
v 1889.0986328125 0 -201.59632873535156
v 1890.760498046875 2.6166059970855713 -207.50936889648438
v 1723.0247802734375 3.3478362560272217 -279.43600463867188
v 1727.6641845703125 6.3495807647705078 -283.40484619140625
v 1720.6046142578125 0 -276.01675415039062
v 1723.2808837890625 3.1312768459320068 -280.01577758789062
v 1732.4891357421875 9.9344825744628906 -284.08602905273438
v 1740.3114013671875 12.137514114379883 -287.39569091796875
v 1733.2490234375 9.2918567657470703 -285.80648803710938
v 1887.009521484375 9.9849109649658203 -215.9051513671875
v 1889.747314453125 6.486417293548584 -212.04244995117188
v 1884.2967529296875 12.099361419677734 -223.73716735839844
v 1887.773193359375 9.3390235900878906 -217.63433837890625
v 1889.9984130859375 3.4200863838195801 -205.78399658203125
v 1889.0986328125 0 -201.59632873535156
v 1890.260009765625 3.1988532543182373 -206.37629699707031
v 1722.4788818359375 3.6780295372009277 -278.20001220703125
v 1726.5999755859375 7.1590819358825684 -280.99533081054688
v 1720.6046142578125 0 -276.01675415039062
v 1722.7559814453125 3.5304801464080811 -278.82754516601562
v 1730.8692626953125 10.914309501647949 -280.4183349609375
v 1738.277099609375 13.684913635253906 -282.78976440429688
v 1731.691650390625 10.476466178894043 -282.28045654296875
v 1885.38134765625 10.969712257385254 -212.21884155273438
v 1888.66015625 7.3133635520935059 -209.58099365234375
v 1882.268798828125 13.64189624786377 -219.14573669433594
v 1886.2080078125 10.529645919799805 -214.09039306640625
v 1889.440673828125 3.7574055194854736 -204.52134704589844
v 1889.0986328125 0 -201.59632873535156
v 1889.723876953125 3.6066718101501465 -205.16239929199219
v 1721.916015625 3.8681983947753906 -276.9256591796875
v 1725.4674072265625 7.6860160827636719 -278.43118286132812
v 1720.6046142578125 0 -276.01675415039062
v 1722.197509765625 3.7903358936309814 -277.56301879882812
v 1729.198974609375 11.478622436523438 -276.63674926757812
v 1736.1121826171875 14.692172050476074 -277.8883056640625
v 1730.0343017578125 11.247570991516113 -278.52813720703125
v 1883.70263671875 11.536890029907227 -208.41804504394531
v 1887.503173828125 7.8516530990600586 -206.96159362792969
v 1880.1107177734375 14.645988464355469 -214.25965881347656
v 1884.542236328125 11.304665565490723 -210.31903076171875
v 1888.86572265625 3.9516785144805908 -203.219482421875
v 1889.0986328125 0 -201.59632873535156
v 1889.1533203125 3.8721356391906738 -203.87062072753906
v 1721.365966796875 3.9276902675628662 -275.680419921875
v 1724.3321533203125 7.935276985168457 -275.86090087890625
v 1720.6046142578125 0 -276.01675415039062
v 1721.6376953125 3.9132583141326904 -276.29550170898438
v 1727.56689453125 11.655160903930664 -272.94161987304688
v 1733.942138671875 15.168645858764648 -272.97509765625
v 1728.373046875 11.612335205078125 -274.766845703125
v 1882.062255859375 11.714323997497559 -204.70416259765625
v 1886.343505859375 8.1062860488891602 -204.3359375
v 1877.947509765625 15.120964050292969 -209.36190795898438
v 1882.87255859375 11.671280860900879 -206.53865051269531
v 1888.3038330078125 4.0124545097351074 -201.9473876953125
v 1889.0986328125 0 -201.59632873535156
v 1888.5814208984375 3.9977109432220459 -202.57574462890625
v 1720.8206787109375 3.8692121505737305 -274.44577026367188
v 1723.235107421875 7.9357700347900391 -273.37692260742188
v 1720.6046142578125 0 -276.01675415039062
v 1721.0966796875 3.9135012626647949 -275.07052612304688
v 1725.94873046875 11.481631278991699 -269.27789306640625
v 1731.844970703125 15.169587135314941 -268.22683715820312
v 1726.767578125 11.613056182861328 -271.13180541992188
v 1880.435791015625 11.539913177490234 -201.02183532714844
v 1885.22265625 8.1067895889282227 -201.79841613769531
v 1875.85693359375 15.121903419494629 -204.62858581542969
v 1881.2587890625 11.672005653381348 -202.88517761230469
v 1887.746826171875 3.952714204788208 -200.68609619140625
v 1889.0986328125 0 -201.59632873535156
v 1888.0286865234375 3.9979591369628906 -201.32432556152344
v 1720.2738037109375 3.6875252723693848 -273.20767211914062
v 1722.12109375 7.6946520805358887 -270.854736328125
v 1720.6046142578125 0 -276.01675415039062
v 1720.5472412109375 3.7945947647094727 -273.82672119140625
v 1724.325927734375 10.942487716674805 -265.6038818359375
v 1729.7154541015625 14.708680152893066 -263.40557861328125
v 1725.1373291015625 11.260209083557129 -267.44088745117188
v 1878.804931640625 10.998032569885254 -197.32919311523438
v 1884.084716796875 7.8604755401611328 -199.22187805175781
v 1873.734130859375 14.662445068359375 -199.82246398925781
v 1879.620361328125 11.317367553710938 -199.17552185058594
v 1887.1881103515625 3.767106294631958 -199.4212646484375
v 1889.0986328125 0 -201.59632873535156
v 1887.4674072265625 3.8764865398406982 -200.05368041992188
v 1719.739013671875 3.3716096878051758 -271.99664306640625
v 1721.0166015625 7.1912455558776855 -268.35403442382812
v 1720.6046142578125 0 -276.01675415039062
v 1720.0025634765625 3.5463414192199707 -272.59353637695312
v 1722.73876953125 10.00502872467041 -262.01025390625
v 1727.604248046875 13.746395111083984 -258.62539672851562
v 1723.52099609375 10.523533821105957 -263.78143310546875
v 1877.2095947265625 10.055815696716309 -193.71730041503906
v 1882.9564208984375 7.3462204933166504 -196.66729736328125
v 1871.6295166015625 13.703185081481934 -195.05731201171875
v 1877.995849609375 10.576952934265137 -195.49748229980469
v 1886.6417236328125 3.4443728923797607 -198.18409729003906
v 1889.0986328125 0 -201.59632873535156
v 1886.9110107421875 3.622875452041626 -198.79385375976562
v 1719.2200927734375 2.8924751281738281 -270.82199096679688
v 1719.9378662109375 6.3862504959106445 -265.91171264648438
v 1720.6046142578125 0 -276.01675415039062
v 1719.4705810546875 3.1493604183197021 -271.38909912109375
v 1721.19921875 8.5832281112670898 -258.52450561523438
v 1725.5421142578125 12.207610130310059 -253.95675659179688
v 1721.9425048828125 9.3455190658569336 -260.20736694335938
v 1875.6622314453125 8.6267976760864258 -190.2138671875
v 1881.8543701171875 6.5238771438598633 -194.17233276367188
v 1869.5738525390625 12.16923713684082 -190.40335083007812
v 1876.4093017578125 9.3929576873779297 -191.9052734375
v 1886.1116943359375 2.9548978805541992 -196.98408508300781
v 1889.0986328125 0 -201.59632873535156
v 1886.3675537109375 3.2173271179199219 -197.56343078613281
v 1718.739990234375 2.2030014991760254 -269.73483276367188
v 1718.9091796875 5.1998319625854492 -263.58279418945312
v 1720.6046142578125 0 -276.01675415039062
v 1718.96337890625 2.564281702041626 -270.2406005859375
v 1719.7742919921875 6.5372610092163086 -255.29849243164062
v 1723.575927734375 9.9397163391113281 -249.50491333007812
v 1720.4371337890625 7.6093358993530273 -256.79925537109375
v 1874.2301025390625 6.5704450607299805 -186.97148132324219
v 1880.8035888671875 5.3118906021118164 -191.793212890625
v 1867.61376953125 9.9084720611572266 -185.96549987792969
v 1874.8963623046875 7.6479620933532715 -188.47987365722656
v 1885.62109375 2.2505447864532471 -195.87348937988281
v 1889.0986328125 0 -201.59632873535156
v 1885.849365234375 2.619621753692627 -196.39015197753906
v 1718.3536376953125 1.2300784587860107 -268.860107421875
v 1718.0047607421875 3.5030291080474854 -261.5350341796875
v 1720.6046142578125 0 -276.01675415039062
v 1718.517333984375 1.7275083065032959 -269.23074340820312
v 1718.6278076171875 3.6501765251159668 -252.7027587890625
v 1721.846923828125 6.6962003707885742 -245.59056091308594
v 1719.1136474609375 5.1262669563293457 -253.80264282226562
v 1724.6214599609375 5.6419367790222168 -236.85751342773438
v 1730.0009765625 9.0520133972167969 -231.47781372070312
v 1726.3935546875 10.104392051696777 -240.86964416503906
v 1725.372314453125 7.9234724044799805 -238.55757141113281
v 1734.053955078125 7.0892224311828613 -223.10124206542969
v 1740.7213134765625 10.748171806335449 -219.17489624023438
v 1736.2806396484375 12.696398735046387 -228.142578125
v 1734.9974365234375 9.956024169921875 -225.23741149902344
v 1745.982177734375 8.1305112838745117 -210.93295288085938
v 1753.9034423828125 11.960871696472168 -207.94171142578125
v 1748.535888671875 14.56128978729248 -216.71476745605469
v 1747.064208984375 11.418398857116699 -213.38287353515625
v 1759.935302734375 8.8109664916992188 -200.26126098632812
v 1768.5462646484375 12.660251617431641 -198.35372924804688
v 1762.7027587890625 15.779945373535156 -206.52696228027344
v 1761.10791015625 12.374021530151367 -202.91621398925781
v 1774.8687744140625 9.1322860717773438 -191.53627014160156
v 1783.615478515625 12.878042221069336 -190.72621154785156
v 1777.7371826171875 16.355411529541016 -198.03048706054688
v 1776.084228515625 12.82528018951416 -194.28805541992188
v 1790.1329345703125 9.1320209503173828 -184.79615783691406
v 1799.4603271484375 12.65869140625 -184.70660400390625
v 1793.001220703125 16.354936599731445 -191.29019165039062
v 1791.3482666015625 12.824907302856445 -187.54786682128906
v 1806.4962158203125 8.8143539428710938 -179.67378234863281
v 1816.05712890625 11.977169990539551 -180.41697692871094
v 1809.2647705078125 15.786013603210449 -185.94190979003906
v 1807.6693115234375 12.378779411315918 -182.32977294921875
v 1823.4442138671875 8.1530294418334961 -176.57029724121094
v 1832.9365234375 10.799514770507812 -178.2161865234375
v 1826.0050048828125 14.601616859436035 -182.36813354492188
v 1824.529296875 11.450021743774414 -179.02700805664062
v 1840.5902099609375 7.1138129234313965 -175.88343811035156
v 1849.763427734375 9.0624828338623047 -178.53448486328125
v 1842.8245849609375 12.740439414978027 -180.9422607421875
v 1841.5369873046875 9.9905586242675781 -178.02700805664062
v 1857.4757080078125 5.639068603515625 -178.197509765625
v 1865.890380859375 6.6751513481140137 -182.06346130371094
v 1859.2469482421875 10.099254608154297 -182.20759582519531
v 1858.2261962890625 7.9194440841674805 -179.89669799804688
v 1873.0777587890625 3.6687054634094238 -184.36256408691406
v 1879.879638671875 3.5785210132598877 -189.70133972167969
v 1873.5660400390625 5.1522884368896484 -185.46803283691406
v 1885.2264404296875 1.2566249370574951 -194.9798583984375
v 1889.0986328125 0 -201.59632873535156
v 1885.3936767578125 1.7647899389266968 -195.3585205078125
v 1718.194091796875 0 -268.49880981445312
v 1717.426513671875 1.2307252883911133 -260.22573852539062
v 1720.6046142578125 0 -276.01675415039062
v 1718.232177734375 0.60692852735519409 -268.5850830078125
v 1718.154296875 0 -251.63067626953125
v 1720.7415771484375 2.3525879383087158 -243.08778381347656
v 1718.267333984375 1.8010202646255493 -251.88664245605469
v 1723.8895263671875 0 -235.200439453125
v 1728.5067138671875 3.1802599430084229 -228.09452819824219
v 1724.0643310546875 2.7837674617767334 -235.59608459472656
v 1733.1343994140625 0 -221.01908874511719
v 1738.9468994140625 3.7761740684509277 -215.15763854980469
v 1733.3538818359375 3.4978673458099365 -221.5162353515625
v 1744.927490234375 0 -208.54496765136719
v 1751.9288330078125 4.2022342681884766 -203.47120666503906
v 1745.1793212890625 4.0116462707519531 -209.1151123046875
v 1758.792236328125 0 -197.67341613769531
v 1766.456298828125 4.4479484558105469 -193.62181091308594
v 1759.065185546875 4.3473868370056152 -198.29129028320312
v 1773.68408203125 0 -188.85404968261719
v 1781.4896240234375 4.5244650840759277 -185.91288757324219
v 1773.9669189453125 4.5059280395507812 -189.49446105957031
v 1788.9483642578125 0 -182.11402893066406
v 1797.37060546875 4.4474000930786133 -179.97526550292969
v 1789.231201171875 4.5057969093322754 -182.75440979003906
v 1805.352783203125 0 -177.08494567871094
v 1814.079833984375 4.2079601287841797 -175.94038391113281
v 1805.6258544921875 4.3490581512451172 -177.70306396484375
v 1822.3865966796875 0 -174.17570495605469
v 1831.1536865234375 3.7942125797271729 -174.17974853515625
v 1822.63916015625 4.0227560997009277 -174.7474365234375
v 1839.6673583984375 0 -173.7940673828125
v 1848.267333984375 3.1839380264282227 -175.14727783203125
v 1839.8876953125 3.510000467300415 -174.29292297363281
v 1856.7442626953125 0 -176.54127502441406
v 1864.788330078125 2.3451926708221436 -179.56854248046875
v 1856.9188232421875 2.7823522090911865 -176.93670654296875
v 1872.601806640625 0 -183.28504943847656
v 1879.2889404296875 1.2572480440139771 -188.36383056640625
v 1872.7154541015625 1.8101625442504883 -183.54231262207031
v 1885.0634765625 0 -194.61077880859375
v 1889.0986328125 0 -201.59632873535156
v 1885.102294921875 0.62002676725387573 -194.69891357421875
v 1718.3634033203125 -1.2660739421844482 -268.88217163085938
v 1717.43115234375 -1.2670166492462158 -260.23629760742188
v 1720.6046142578125 0 -276.01675415039062
v 1718.2344970703125 -0.62482553720474243 -268.59027099609375
v 1718.65673828125 -3.7569906711578369 -252.76820373535156
v 1720.75048828125 -2.4219603538513184 -243.10792541503906
v 1718.274169921875 -1.854128360748291 -251.90205383300781
v 1724.6661376953125 -5.8070354461669922 -236.95867919921875
v 1728.5186767578125 -3.274038553237915 -228.12174987792969
v 1724.0748291015625 -2.8658547401428223 -235.61991882324219
v 1734.110107421875 -7.2966723442077637 -223.22836303710938
v 1738.961181640625 -3.8875250816345215 -215.18997192382812
v 1733.3671875 -3.6010117530822754 -221.54617309570312
v 1746.0465087890625 -8.3684329986572266 -211.0787353515625
v 1751.94482421875 -4.326148509979248 -203.50717163085938
v 1745.1944580078125 -4.1299405097961426 -209.14945983886719
v 1760.0050048828125 -9.0687990188598633 -200.41925048828125
v 1766.47314453125 -4.579108715057373 -193.65989685058594
v 1759.0816650390625 -4.4755816459655762 -198.32850646972656
v 1774.941162109375 -9.3995218276977539 -191.70002746582031
v 1781.5067138671875 -4.6578817367553711 -185.95162963867188
v 1773.9840087890625 -4.6387982368469238 -189.53303527832031
v 1790.205322265625 -9.3992490768432617 -184.95991516113281
v 1797.3873291015625 -4.5785441398620605 -180.01333618164062
v 1789.2481689453125 -4.6386628150939941 -182.79298400878906
v 1806.5660400390625 -9.0722866058349609 -179.83184814453125
v 1814.0958251953125 -4.3320436477661133 -175.97639465332031
v 1805.6422119140625 -4.4773025512695312 -177.74029541015625
v 1823.5087890625 -8.3916091918945312 -176.71650695800781
v 1831.1680908203125 -3.9060955047607422 -174.21223449707031
v 1822.6544189453125 -4.1413784027099609 -174.78187561035156
v 1840.646484375 -7.3219828605651855 -176.01100158691406
v 1848.2794189453125 -3.2778253555297852 -175.17453002929688
v 1839.9010009765625 -3.6135027408599854 -174.32296752929688
v 1857.5203857421875 -5.8040833473205566 -178.29861450195312
v 1864.7972412109375 -2.4143471717834473 -179.588623046875
v 1856.9293212890625 -2.8643975257873535 -176.96052551269531
v 1873.1068115234375 -3.7760617733001709 -184.4283447265625
v 1879.293701171875 -1.2943215370178223 -188.37460327148438
v 1872.7222900390625 -1.8635401725769043 -183.55781555175781
v 1885.2364501953125 -1.2933973073959351 -195.00239562988281
v 1889.0986328125 0 -201.59632873535156
v 1885.104736328125 -0.63830995559692383 -194.70420837402344
v 1718.74267578125 -2.2080402374267578 -269.7410888671875
v 1718.02099609375 -3.5439310073852539 -261.57192993164062
v 1720.6046142578125 0 -276.01675415039062
v 1718.525390625 -1.7476789951324463 -269.24896240234375
v 1719.782470703125 -6.552213191986084 -255.31704711914062
v 1721.878173828125 -6.7743864059448242 -245.66108703613281
v 1719.137451171875 -5.186121940612793 -253.85662841796875
v 1874.23828125 -6.5854730606079102 -186.99012756347656
v 1879.8963623046875 -3.6203041076660156 -189.73902893066406
v 1865.92138671875 -6.7530913352966309 -182.13375854492188
v 1873.5899658203125 -5.2124471664428711 -185.52229309082031
v 1885.6239013671875 -2.2556922435760498 -195.87986755371094
v 1889.0986328125 0 -201.59632873535156
v 1885.40185546875 -1.7853958606719971 -195.37710571289062
v 1719.2119140625 -2.8830258846282959 -270.80325317382812
v 1718.905029296875 -5.1938457489013672 -263.5733642578125
v 1720.6046142578125 0 -276.01675415039062
v 1718.9613037109375 -2.5613296031951904 -270.23593139648438
v 1721.174560546875 -8.5551891326904297 -258.46890258789062
v 1723.56787109375 -9.9282741546630859 -249.48689270019531
v 1720.4310302734375 -7.6005764007568359 -256.78546142578125
v 1875.637451171875 -8.5986166000366211 -190.15797424316406
v 1880.79931640625 -5.3057756423950195 -191.78358459472656
v 1867.6058349609375 -9.8970651626586914 -185.94754028320312
v 1874.89013671875 -7.639157772064209 -188.46601867675781
v 1886.103271484375 -2.9452450275421143 -196.96493530273438
v 1889.0986328125 0 -201.59632873535156
v 1885.8472900390625 -2.6166059970855713 -196.38540649414062
v 1719.707275390625 -3.3478362560272217 -271.92486572265625
v 1719.8984375 -6.3495807647705078 -265.82244873046875
v 1720.6046142578125 0 -276.01675415039062
v 1719.451171875 -3.1312768459320068 -271.34506225585938
v 1722.6446533203125 -9.9344825744628906 -261.79721069335938
v 1725.466796875 -12.137514114379883 -253.7861328125
v 1721.884765625 -9.2918567657470703 -260.07675170898438
v 1877.114990234375 -9.9849109649658203 -193.50318908691406
v 1881.814208984375 -6.486417293548584 -194.08114624023438
v 1869.498779296875 -12.099361419677734 -190.23326110839844
v 1876.351318359375 -9.3390235900878906 -191.77400207519531
v 1886.6092529296875 -3.4200863838195801 -198.11076354980469
v 1889.0986328125 0 -201.59632873535156
v 1886.34765625 -3.1988532543182373 -197.51846313476562
v 1720.253173828125 -3.6780295372009277 -273.16082763671875
v 1720.962646484375 -7.1590819358825684 -268.23196411132812
v 1720.6046142578125 0 -276.01675415039062
v 1719.9759521484375 -3.5304801464080811 -272.5333251953125
v 1724.2646484375 -10.914309501647949 -265.46490478515625
v 1727.5010986328125 -13.684913635253906 -258.39205932617188
v 1723.442138671875 -10.476466178894043 -263.60281372070312
v 1878.7431640625 -10.969712257385254 -197.18949890136719
v 1882.9013671875 -7.3133635520935059 -196.5426025390625
v 1871.5267333984375 -13.64189624786377 -194.82470703125
v 1877.91650390625 -10.529645919799805 -195.31794738769531
v 1887.1669921875 -3.7574055194854736 -199.3734130859375
v 1889.0986328125 0 -201.59632873535156
v 1886.8837890625 -3.6066718101501465 -198.73236083984375
v 1720.8160400390625 -3.8681983947753906 -274.43521118164062
v 1722.09521484375 -7.6860160827636719 -270.79611206054688
v 1720.6046142578125 0 -276.01675415039062
v 1720.5345458984375 -3.7903358936309814 -273.79782104492188
v 1725.934814453125 -11.478622436523438 -269.24652099609375
v 1729.666015625 -14.692172050476074 -263.29351806640625
v 1725.0994873046875 -11.247570991516113 -267.35513305664062
v 1880.421875 -11.536890029907227 -200.99029541015625
v 1884.0582275390625 -7.8516530990600586 -199.16200256347656
v 1873.684814453125 -14.645988464355469 -199.71076965332031
v 1879.582275390625 -11.304665565490723 -199.08930969238281
v 1887.741943359375 -3.9516785144805908 -200.67529296875
v 1889.0986328125 0 -201.59632873535156
v 1887.454345703125 -3.8721356391906738 -200.02415466308594
v 1721.365966796875 -3.9276902675628662 -275.680419921875
v 1723.23046875 -7.935276985168457 -273.36639404296875
v 1720.6046142578125 0 -276.01675415039062
v 1721.0943603515625 -3.9132583141326904 -275.06533813476562
v 1727.56689453125 -11.655160903930664 -272.94161987304688
v 1731.8360595703125 -15.168645858764648 -268.20672607421875
v 1726.7607421875 -11.612335205078125 -271.11642456054688
v 1882.062255859375 -11.714323997497559 -204.70416259765625
v 1885.218017578125 -8.1062860488891602 -201.78765869140625
v 1875.8480224609375 -15.120964050292969 -204.6085205078125
v 1881.251953125 -11.671280860900879 -202.86968994140625
v 1888.3038330078125 -4.0124545097351074 -201.9473876953125
v 1889.0986328125 0 -201.59632873535156
v 1888.0263671875 -3.9977109432220459 -201.31903076171875
v 1721.911376953125 -3.8692121505737305 -276.91506958007812
v 1724.3275146484375 -7.9357700347900391 -275.85037231445312
v 1720.6046142578125 0 -276.01675415039062
v 1721.6353759765625 -3.9135012626647949 -276.29031372070312
v 1729.18505859375 -11.481631278991699 -276.6053466796875
v 1733.9332275390625 -15.169587135314941 -272.95498657226562
v 1728.3662109375 -11.613056182861328 -274.75143432617188
v 1883.688720703125 -11.539913177490234 -208.38650512695312
v 1886.3387451171875 -8.1067895889282227 -204.32518005371094
v 1877.9385986328125 -15.121903419494629 -209.34185791015625
v 1882.86572265625 -11.672005653381348 -206.52316284179688
v 1888.8609619140625 -3.952714204788208 -203.20867919921875
v 1889.0986328125 0 -201.59632873535156
v 1888.5791015625 -3.9979591369628906 -202.5704345703125
v 1722.4581298828125 -3.6875252723693848 -278.15316772460938
v 1725.4415283203125 -7.6946520805358887 -278.37255859375
v 1720.6046142578125 0 -276.01675415039062
v 1722.184814453125 -3.7945947647094727 -277.53411865234375
v 1730.807861328125 -10.942487716674805 -280.27935791015625
v 1736.062744140625 -14.708680152893066 -277.7762451171875
v 1729.9964599609375 -11.260209083557129 -278.44235229492188
v 1885.319580078125 -10.998032569885254 -212.07914733886719
v 1887.4766845703125 -7.8604755401611328 -206.90171813964844
v 1880.0614013671875 -14.662445068359375 -214.14797973632812
v 1884.504150390625 -11.317367553710938 -210.23281860351562
v 1889.4195556640625 -3.767106294631958 -204.47349548339844
v 1889.0986328125 0 -201.59632873535156
v 1889.1402587890625 -3.8764865398406982 -203.84107971191406
v 1722.9930419921875 -3.3716096878051758 -279.36422729492188
v 1726.5460205078125 -7.1912455558776855 -280.87326049804688
v 1720.6046142578125 0 -276.01675415039062
v 1722.7294921875 -3.5463414192199707 -278.767333984375
v 1732.39501953125 -10.00502872467041 -283.87301635742188
v 1738.174072265625 -13.746395111083984 -282.55642700195312
v 1731.61279296875 -10.523533821105957 -282.101806640625
v 1886.9149169921875 -10.055815696716309 -215.6910400390625
v 1888.6051025390625 -7.3462204933166504 -209.456298828125
v 1882.1661376953125 -13.703185081481934 -218.91313171386719
v 1886.128662109375 -10.576952934265137 -213.91085815429688
v 1889.966064453125 -3.4443728923797607 -205.71066284179688
v 1889.0986328125 0 -201.59632873535156
v 1889.6966552734375 -3.622875452041626 -205.10090637207031
v 1723.5118408203125 -2.8924751281738281 -280.53887939453125
v 1727.624755859375 -6.3862504959106445 -283.31558227539062
v 1720.6046142578125 0 -276.01675415039062
v 1723.2613525390625 -3.1493604183197021 -279.97177124023438
v 1733.9346923828125 -8.5832281112670898 -287.35873413085938
v 1740.236083984375 -12.207610130310059 -287.22506713867188
v 1733.19140625 -9.3455190658569336 -285.67587280273438
v 1888.4622802734375 -8.6267976760864258 -219.19447326660156
v 1889.70703125 -6.5238771438598633 -211.95126342773438
v 1884.2216796875 -12.16923713684082 -223.56709289550781
v 1887.7152099609375 -9.3929576873779297 -217.50306701660156
v 1890.49609375 -2.9548978805541992 -206.91067504882812
v 1889.0986328125 0 -201.59632873535156
v 1890.2401123046875 -3.2173271179199219 -206.33132934570312
v 1723.9920654296875 -2.2030014991760254 -281.62600708007812
v 1728.6534423828125 -5.1998319625854492 -285.64450073242188
v 1720.6046142578125 0 -276.01675415039062
v 1723.7686767578125 -2.564281702041626 -281.12026977539062
v 1735.3594970703125 -6.5372610092163086 -290.58474731445312
v 1742.202392578125 -9.9397163391113281 -291.67691040039062
v 1734.6966552734375 -7.6093358993530273 -289.083984375
v 1889.8944091796875 -6.5704450607299805 -222.43685913085938
v 1890.7578125 -5.3118906021118164 -214.33038330078125
v 1886.1817626953125 -9.9084720611572266 -228.00492858886719
v 1889.2281494140625 -7.6479620933532715 -220.928466796875
v 1890.986572265625 -2.2505447864532471 -208.02128601074219
v 1889.0986328125 0 -201.59632873535156
v 1890.7584228515625 -2.619621753692627 -207.50462341308594
v 1724.37841796875 -1.2300784587860107 -282.50076293945312
v 1729.557861328125 -3.5030291080474854 -287.6922607421875
v 1720.6046142578125 0 -276.01675415039062
v 1724.2147216796875 -1.7275083065032959 -282.13009643554688
v 1736.5059814453125 -3.6501765251159668 -293.18048095703125
v 1743.9312744140625 -6.6962003707885742 -295.59124755859375
v 1736.020263671875 -5.1262669563293457 -292.08059692382812
v 1752.255126953125 -5.6419367790222168 -299.42239379882812
v 1759.8548583984375 -9.0520133972167969 -299.06942749023438
v 1750.4830322265625 -10.104392051696777 -295.41024780273438
v 1751.5042724609375 -7.9234724044799805 -297.72232055664062
v 1768.7762451171875 -7.0892224311828613 -301.7154541015625
v 1776.1690673828125 -10.748171806335449 -299.4317626953125
v 1766.5496826171875 -12.696398735046387 -296.67410278320312
v 1767.832763671875 -9.956024169921875 -299.57928466796875
v 1785.8045654296875 -8.1305112838745117 -301.09426879882812
v 1793.3507080078125 -11.960871696472168 -297.25384521484375
v 1783.2508544921875 -14.56128978729248 -295.31243896484375
v 1784.7225341796875 -11.418398857116699 -298.64434814453125
v 1803.0904541015625 -8.8109664916992188 -297.96829223632812
v 1810.3001708984375 -12.660251617431641 -292.88815307617188
v 1800.322998046875 -15.779945373535156 -291.70260620117188
v 1801.9178466796875 -12.374021530151367 -295.3133544921875
v 1819.5977783203125 -9.1322860717773438 -292.8065185546875
v 1826.0877685546875 -12.878042221069336 -286.88687133789062
v 1816.7294921875 -16.355411529541016 -286.31231689453125
v 1818.3824462890625 -12.82528018951416 -290.05474853515625
v 1834.860595703125 -9.1320209503173828 -286.0634765625
v 1841.2091064453125 -12.65869140625 -279.2293701171875
v 1831.992431640625 -16.354936599731445 -279.5694580078125
v 1833.645263671875 -12.824907302856445 -283.311767578125
v 1849.6680908203125 -8.8143539428710938 -277.41839599609375
v 1855.5582275390625 -11.977169990539551 -269.85079956054688
v 1846.8995361328125 -15.786013603210449 -271.1502685546875
v 1848.4949951171875 -12.378779411315918 -274.76242065429688
v 1863.376953125 -8.1530294418334961 -266.9813232421875
v 1868.5537109375 -10.799514770507812 -258.8564453125
v 1860.816162109375 -14.601616859436035 -261.1834716796875
v 1862.2918701171875 -11.450021743774414 -264.52459716796875
v 1875.432861328125 -7.1138129234313965 -254.77032470703125
v 1879.6517333984375 -9.0624828338623047 -246.20426940917969
v 1873.198486328125 -12.740439414978027 -249.71150207519531
v 1874.4862060546875 -9.9905586242675781 -252.62675476074219
v 1885.0953369140625 -5.639068603515625 -240.73057556152344
v 1887.9051513671875 -6.6751513481140137 -231.906982421875
v 1883.3240966796875 -10.099254608154297 -236.72047424316406
v 1884.3448486328125 -7.9194440841674805 -239.03138732910156
v 1891.0467529296875 -3.6687054634094238 -225.0457763671875
v 1891.6817626953125 -3.5785210132598877 -216.42225646972656
v 1890.5584716796875 -5.1522884368896484 -223.9403076171875
v 1891.3812255859375 -1.2566249370574951 -208.91490173339844
v 1889.0986328125 0 -201.59632873535156
v 1891.2139892578125 -1.7647899389266968 -208.5362548828125
v 1724.5379638671875 0 -282.86203002929688
v 1730.1361083984375 -1.2307252883911133 -289.00155639648438
v 1720.6046142578125 0 -276.01675415039062
v 1724.4998779296875 -0.60692852735519409 -282.77578735351562
v 1736.9794921875 0 -294.2525634765625
v 1745.0367431640625 -2.3525879383087158 -298.09402465820312
v 1736.866455078125 -1.8010202646255493 -293.99661254882812
v 1752.987060546875 0 -301.0794677734375
v 1761.34912109375 -3.1802599430084229 -302.45272827148438
v 1752.812255859375 -2.7837674617767334 -300.68380737304688
v 1769.6959228515625 0 -303.797607421875
v 1777.943359375 -3.7761740684509277 -303.44900512695312
v 1769.476318359375 -3.4978673458099365 -303.30044555664062
v 1786.8592529296875 0 -303.48223876953125
v 1795.3253173828125 -4.2022342681884766 -301.724365234375
v 1786.607421875 -4.0116462707519531 -302.91207885742188
v 1804.2335205078125 0 -300.55615234375
v 1812.3902587890625 -4.4479484558105469 -297.62005615234375
v 1803.9605712890625 -4.3473868370056152 -299.93826293945312
v 1820.782470703125 0 -295.48873901367188
v 1828.213623046875 -4.5244650840759277 -291.70016479492188
v 1820.4996337890625 -4.5059280395507812 -294.84832763671875
v 1836.0452880859375 0 -288.74560546875
v 1843.298828125 -4.4474000930786133 -283.960693359375
v 1835.762451171875 -4.5057969093322754 -288.105224609375
v 1850.8115234375 0 -280.00723266601562
v 1857.535400390625 -4.2079601287841797 -274.327392578125
v 1850.5384521484375 -4.3490581512451172 -279.38912963867188
v 1864.4345703125 0 -269.37591552734375
v 1870.3365478515625 -3.7942125797271729 -262.89288330078125
v 1864.18212890625 -4.0227560997009277 -268.80416870117188
v 1876.355712890625 0 -256.85968017578125
v 1881.1478271484375 -3.1839380264282227 -249.59147644042969
v 1876.1353759765625 -3.510000467300415 -256.36083984375
v 1885.8267822265625 0 -242.38679504394531
v 1889.0072021484375 -2.3451926708221436 -234.40188598632812
v 1885.6522216796875 -2.7823522090911865 -241.99136352539062
v 1891.522705078125 0 -226.123291015625
v 1892.2724609375 -1.2572480440139771 -217.759765625
v 1891.4090576171875 -1.8101625442504883 -225.86602783203125
v 1891.5443115234375 0 -209.28398132324219
v 1889.0986328125 0 -201.59632873535156
v 1891.50537109375 -0.62002676725387573 -209.19586181640625
v 1721.6112060546875 1.6565471887588501 -277.79296875
v 1723.1546630859375 3.2436811923980713 -279.73007202148438
v 1721.7379150390625 1.5493911504745483 -278.07986450195312
v 1720.6046142578125 0 -276.01675415039062
v 1721.6754150390625 1.6050101518630981 -277.9384765625
v 1889.7431640625 1.6920459270477295 -203.58006286621094
v 1889.0986328125 0 -201.59632873535156
v 1889.87255859375 1.582593560218811 -203.87309265136719
v 1890.131103515625 3.3136835098266602 -206.08442687988281
v 1889.808837890625 1.6394044160842896 -203.72869873046875
v 1889.0986328125 0 -201.59632873535156
v 1889.9935302734375 1.4571239948272705 -204.14695739746094
v 1890.3846435546875 3.0759134292602539 -206.65846252441406
v 1889.934326171875 1.5217705965042114 -204.0126953125
v 1721.4781494140625 1.7469214200973511 -277.49191284179688
v 1722.8917236328125 3.4434959888458252 -279.134765625
v 1720.6046142578125 0 -276.01675415039062
v 1721.5452880859375 1.703880786895752 -277.6439208984375
v 1721.341064453125 1.8199306726455688 -277.181396484375
v 1722.6182861328125 3.6086742877960205 -278.51556396484375
v 1720.6046142578125 0 -276.01675415039062
v 1721.4100341796875 1.785612940788269 -277.3375244140625
v 1889.46728515625 1.8589304685592651 -202.95538330078125
v 1889.0986328125 0 -201.59632873535156
v 1889.6072998046875 1.7843568325042725 -203.27253723144531
v 1889.5831298828125 3.6865537166595459 -204.84368896484375
v 1889.5377197265625 1.8238773345947266 -203.1148681640625
v 1889.0986328125 0 -201.59632873535156
v 1889.862548828125 3.5178103446960449 -205.47625732421875
v 1889.6759033203125 1.7403937578201294 -203.42781066894531
v 1721.2017822265625 1.8755010366439819 -276.8662109375
v 1722.3385009765625 3.7385590076446533 -277.88214111328125
v 1720.6046142578125 0 -276.01675415039062
v 1721.2716064453125 1.8498812913894653 -277.02410888671875
v 1721.0625 1.9140282869338989 -276.55084228515625
v 1722.0565185546875 3.833488941192627 -277.24386596679688
v 1720.6046142578125 0 -276.01675415039062
v 1721.132080078125 1.8968536853790283 -276.70828247070312
v 1889.1827392578125 1.9550446271896362 -202.31129455566406
v 1889.0986328125 0 -201.59632873535156
v 1889.3250732421875 1.9156918525695801 -202.63343811035156
v 1889.00927734375 3.9162201881408691 -203.54454040527344
v 1889.2537841796875 1.9375020265579224 -202.47212219238281
v 1889.0986328125 0 -201.59632873535156
v 1889.2972412109375 3.8192412853240967 -204.19659423828125
v 1889.3963623046875 1.8895230293273926 -202.79472351074219
v 1720.9248046875 1.9363244771957397 -276.239013671875
v 1721.7762451171875 3.8947117328643799 -276.609130859375
v 1720.6046142578125 0 -276.01675415039062
v 1720.9932861328125 1.927147388458252 -276.39419555664062
v 1720.7904052734375 1.9434655904769897 -275.9346923828125
v 1721.5008544921875 3.9241406917572021 -275.98568725585938
v 1720.6046142578125 0 -276.01675415039062
v 1720.8570556640625 1.9417091608047485 -276.08572387695312
v 1888.90478515625 1.9851127862930298 -201.68194580078125
v 1889.0986328125 0 -201.59632873535156
v 1889.0421142578125 1.9778186082839966 -201.99281311035156
v 1888.441650390625 4.0088281631469727 -202.25923156738281
v 1888.9730224609375 1.9833186864852905 -201.83622741699219
v 1889.0986328125 0 -201.59632873535156
v 1888.722900390625 3.9787638187408447 -202.8961181640625
v 1889.1121826171875 1.96844482421875 -202.15132141113281
v 1720.6571044921875 1.9364447593688965 -275.63290405273438
v 1721.2322998046875 3.9242000579833984 -275.37774658203125
v 1720.6046142578125 0 -276.01675415039062
v 1720.7242431640625 1.9417386054992676 -275.784912109375
v 1720.5205078125 1.9145299196243286 -275.32376098632812
v 1720.9593505859375 3.8952705860137939 -274.75961303710938
v 1720.6046142578125 0 -276.01675415039062
v 1720.589111328125 1.9274239540100098 -275.47903442382812
v 1888.629150390625 1.9555569887161255 -201.05793762207031
v 1889.0986328125 0 -201.59632873535156
v 1888.7686767578125 1.9779413938522339 -201.37370300292969
v 1887.888427734375 3.979334831237793 -201.00668334960938
v 1888.69921875 1.9687273502349854 -201.216552734375
v 1889.0986328125 0 -201.59632873535156
v 1888.167236328125 4.0088887214660645 -201.63815307617188
v 1888.8372802734375 1.9833487272262573 -201.52896118164062
v 1720.38525390625 1.8776084184646606 -275.0174560546875
v 1720.6842041015625 3.8358814716339111 -274.13674926757812
v 1720.6046142578125 0 -276.01675415039062
v 1720.4530029296875 1.8980375528335571 -275.17083740234375
v 1720.25 1.8246291875839233 -274.71112060546875
v 1720.410400390625 3.7451839447021484 -273.51669311523438
v 1720.6046142578125 0 -276.01675415039062
v 1720.3175048828125 1.8531593084335327 -274.86404418945312
v 1888.352783203125 1.8637298345565796 -200.43218994140625
v 1889.0986328125 0 -201.59632873535156
v 1888.490966796875 1.917844295501709 -200.74505615234375
v 1887.3275146484375 3.8260090351104736 -199.73695373535156
v 1888.4217529296875 1.8928712606430054 -200.58836364746094
v 1889.0986328125 0 -201.59632873535156
v 1887.6072998046875 3.9186642169952393 -200.37039184570312
v 1888.5601806640625 1.9387111663818359 -200.90174865722656
v 1720.11572265625 1.7547698020935059 -274.40725708007812
v 1720.1375732421875 3.6211516857147217 -272.89901733398438
v 1720.6046142578125 0 -276.01675415039062
v 1720.1824951171875 1.791786789894104 -274.55841064453125
v 1719.9852294921875 1.6683106422424316 -274.11190795898438
v 1719.86962890625 3.4631295204162598 -272.2923583984375
v 1720.6046142578125 0 -276.01675415039062
v 1720.0499267578125 1.7135956287384033 -274.25823974609375
v 1888.08251953125 1.7040613889694214 -199.82011413574219
v 1889.0986328125 0 -201.59632873535156
v 1888.2156982421875 1.7923734188079834 -200.12178039550781
v 1886.775146484375 3.5378677845001221 -198.48619079589844
v 1888.1485595703125 1.750316858291626 -199.96957397460938
v 1889.0986328125 0 -201.59632873535156
v 1887.048828125 3.6993002891540527 -199.10592651367188
v 1888.283935546875 1.8301836252212524 -200.27616882324219
v 1719.8525390625 1.5583392381668091 -273.811279296875
v 1719.6029052734375 3.26499342918396 -271.68844604492188
v 1720.6046142578125 0 -276.01675415039062
v 1719.91796875 1.6155556440353394 -273.95941162109375
v 1719.728515625 1.4312293529510498 -273.53067016601562
v 1719.3428955078125 3.025050163269043 -271.099853515625
v 1720.6046142578125 0 -276.01675415039062
v 1719.789306640625 1.4968290328979492 -273.66815185546875
v 1887.8203125 1.4618996381759644 -199.22642517089844
v 1889.0986328125 0 -201.59632873535156
v 1887.9468994140625 1.5917333364486694 -199.51304626464844
v 1886.237060546875 3.0903341770172119 -197.26795959472656
v 1887.88232421875 1.5289050340652466 -199.36685180664062
v 1889.0986328125 0 -201.59632873535156
v 1886.502685546875 3.3354556560516357 -197.8692626953125
v 1888.013671875 1.650175929069519 -199.66435241699219
v 1719.9696044921875 -1.6565471887588501 -274.07638549804688
v 1719.577392578125 -3.2436811923980713 -271.63079833984375
v 1719.8428955078125 -1.5493911504745483 -273.78948974609375
v 1720.6046142578125 0 -276.01675415039062
v 1719.9052734375 -1.6050101518630981 -273.93087768554688
v 1888.06640625 -1.6920459270477295 -199.78382873535156
v 1889.0986328125 0 -201.59632873535156
v 1887.93701171875 -1.582593560218811 -199.49079895019531
v 1886.4765625 -3.3136835098266602 -197.81034851074219
v 1888.0008544921875 -1.6394044160842896 -199.63519287109375
v 1889.0986328125 0 -201.59632873535156
v 1887.8160400390625 -1.4571239948272705 -199.21694946289062
v 1886.2230224609375 -3.0759134292602539 -197.23629760742188
v 1887.8753662109375 -1.5217705965042114 -199.3511962890625
v 1720.1025390625 -1.7469214200973511 -274.37747192382812
v 1719.84033203125 -3.4434959888458252 -272.22610473632812
v 1720.6046142578125 0 -276.01675415039062
v 1720.035400390625 -1.703880786895752 -274.22543334960938
v 1720.23974609375 -1.8199306726455688 -274.68795776367188
v 1720.11376953125 -3.6086742877960205 -272.84530639648438
v 1720.6046142578125 0 -276.01675415039062
v 1720.1707763671875 -1.785612940788269 -274.53182983398438
v 1888.3424072265625 -1.8589304685592651 -200.40850830078125
v 1889.0986328125 0 -201.59632873535156
v 1888.2022705078125 -1.7843568325042725 -200.09135437011719
v 1887.024658203125 -3.6865537166595459 -199.05107116699219
v 1888.27197265625 -1.8238773345947266 -200.24903869628906
v 1889.0986328125 0 -201.59632873535156
v 1886.7452392578125 -3.5178103446960449 -198.41850280761719
v 1888.1336669921875 -1.7403937578201294 -199.93608093261719
v 1720.37890625 -1.8755010366439819 -275.00314331054688
v 1720.3935546875 -3.7385590076446533 -273.47872924804688
v 1720.6046142578125 0 -276.01675415039062
v 1720.3092041015625 -1.8498812913894653 -274.84524536132812
v 1720.5181884765625 -1.9140282869338989 -275.31854248046875
v 1720.675537109375 -3.833488941192627 -274.11700439453125
v 1720.6046142578125 0 -276.01675415039062
v 1720.44873046875 -1.8968536853790283 -275.16107177734375
v 1888.6268310546875 -1.9550446271896362 -201.05259704589844
v 1889.0986328125 0 -201.59632873535156
v 1888.484619140625 -1.9156918525695801 -200.73045349121094
v 1887.598388671875 -3.9162201881408691 -200.3502197265625
v 1888.5557861328125 -1.9375020265579224 -200.89176940917969
v 1889.0986328125 0 -201.59632873535156
v 1887.3104248046875 -3.8192412853240967 -199.69816589355469
v 1888.413330078125 -1.8895230293273926 -200.56918334960938
v 1720.656005859375 -1.9363244771957397 -275.63034057617188
v 1720.955810546875 -3.8947117328643799 -274.75173950195312
v 1720.6046142578125 0 -276.01675415039062
v 1720.58740234375 -1.927147388458252 -275.47515869140625
v 1720.7904052734375 -1.9434655904769897 -275.9346923828125
v 1721.231201171875 -3.9241406917572021 -275.37518310546875
v 1720.6046142578125 0 -276.01675415039062
v 1720.7236328125 -1.9417091608047485 -275.78363037109375
v 1888.90478515625 -1.9851127862930298 -201.68194580078125
v 1889.0986328125 0 -201.59632873535156
v 1888.7674560546875 -1.9778186082839966 -201.37107849121094
v 1888.1661376953125 -4.0088281631469727 -201.63554382324219
v 1888.836669921875 -1.9833186864852905 -201.52766418457031
v 1889.0986328125 0 -201.59632873535156
v 1887.884765625 -3.9787638187408447 -200.99864196777344
v 1888.697509765625 -1.96844482421875 -201.21257019042969
v 1720.9237060546875 -1.9364447593688965 -276.2364501953125
v 1721.499755859375 -3.9242000579833984 -275.98312377929688
v 1720.6046142578125 0 -276.01675415039062
v 1720.8565673828125 -1.9417386054992676 -276.08444213867188
v 1721.0601806640625 -1.9145299196243286 -276.54559326171875
v 1721.772705078125 -3.8952705860137939 -276.60125732421875
v 1720.6046142578125 0 -276.01675415039062
v 1720.9915771484375 -1.9274239540100098 -276.39031982421875
v 1889.180419921875 -1.9555569887161255 -202.30595397949219
v 1889.0986328125 0 -201.59632873535156
v 1889.041015625 -1.9779413938522339 -201.99020385742188
v 1888.7193603515625 -3.979334831237793 -202.88807678222656
v 1889.1103515625 -1.9687273502349854 -202.1473388671875
v 1889.0986328125 0 -201.59632873535156
v 1888.4404296875 -4.0088887214660645 -202.25660705566406
v 1888.972412109375 -1.9833487272262573 -201.83493041992188
v 1721.195556640625 -1.8776084184646606 -276.85189819335938
v 1722.0478515625 -3.8358814716339111 -277.22412109375
v 1720.6046142578125 0 -276.01675415039062
v 1721.127685546875 -1.8980375528335571 -276.69851684570312
v 1721.330810546875 -1.8246291875839233 -277.15823364257812
v 1722.3216552734375 -3.7451839447021484 -277.84414672851562
v 1720.6046142578125 0 -276.01675415039062
v 1721.2633056640625 -1.8531593084335327 -277.00531005859375
v 1889.456787109375 -1.8637298345565796 -202.93171691894531
v 1889.0986328125 0 -201.59632873535156
v 1889.318603515625 -1.917844295501709 -202.61883544921875
v 1889.2801513671875 -3.8260090351104736 -204.15780639648438
v 1889.3878173828125 -1.8928712606430054 -202.77552795410156
v 1889.0986328125 0 -201.59632873535156
v 1889.0003662109375 -3.9186642169952393 -203.52438354492188
v 1889.2493896484375 -1.9387111663818359 -202.46214294433594
v 1721.4649658203125 -1.7547698020935059 -277.46212768554688
v 1722.594482421875 -3.6211516857147217 -278.46185302734375
v 1720.6046142578125 0 -276.01675415039062
v 1721.398193359375 -1.791786789894104 -277.31097412109375
v 1721.595458984375 -1.6683106422424316 -277.7574462890625
v 1722.8624267578125 -3.4631295204162598 -279.06851196289062
v 1720.6046142578125 0 -276.01675415039062
v 1721.5308837890625 -1.7135956287384033 -277.61114501953125
v 1889.7271728515625 -1.7040613889694214 -203.54379272460938
v 1889.0986328125 0 -201.59632873535156
v 1889.5938720703125 -1.7923734188079834 -203.24211120605469
v 1889.8326416015625 -3.5378677845001221 -205.4085693359375
v 1889.6611328125 -1.750316858291626 -203.39433288574219
v 1889.0986328125 0 -201.59632873535156
v 1889.558837890625 -3.6993002891540527 -204.78883361816406
v 1889.5257568359375 -1.8301836252212524 -203.08772277832031
v 1721.728271484375 -1.5583392381668091 -278.05807495117188
v 1723.129150390625 -3.26499342918396 -279.67239379882812
v 1720.6046142578125 0 -276.01675415039062
v 1721.662841796875 -1.6155556440353394 -277.90994262695312
v 1721.8521728515625 -1.4312293529510498 -278.33868408203125
v 1723.38916015625 -3.025050163269043 -280.26101684570312
v 1720.6046142578125 0 -276.01675415039062
v 1721.79150390625 -1.4968290328979492 -278.20120239257812
v 1889.9893798828125 -1.4618996381759644 -204.13748168945312
v 1889.0986328125 0 -201.59632873535156
v 1889.86279296875 -1.5917333364486694 -203.85086059570312
v 1890.37060546875 -3.0903341770172119 -206.62681579589844
v 1889.9273681640625 -1.5289050340652466 -203.99703979492188
v 1889.0986328125 0 -201.59632873535156
v 1890.1051025390625 -3.3354556560516357 -206.0255126953125
v 1889.7958984375 -1.650175929069519 -203.69955444335938
vt 0 0
vt 0 0.092697501182556152
vt 0 0.17765806615352631
vt 0 0.24821119010448456
vt 0 0.31117627024650574
vt 0 0.3741413950920105
vt 0 0.43710649013519287
vt 0 0.5
vt 0 0.56311196088790894
vt 0 0.62477958202362061
vt 0 0.68660396337509155
vt 0 0.75144368410110474
vt 0 0.82292741537094116
vt 0 0.90533912181854248
vt 0.054787799715995789 0
vt 0.054787799715995789 0.092697501182556152
vt 0.054787799715995789 0.17765806615352631
vt 0.054787799715995789 0.24821119010448456
vt 0.054787799715995789 0.31117627024650574
vt 0.054787799715995789 0.3741413950920105
vt 0.054787799715995789 0.43710649013519287
vt 0.054787799715995789 0.5
vt 0.054787799715995789 0.56311196088790894
vt 0.054787799715995789 0.62477958202362061
vt 0.054787799715995789 0.68660396337509155
vt 0.054787799715995789 0.75144368410110474
vt 0.054787799715995789 0.82292741537094116
vt 0.054787799715995789 0.90533912181854248
vt 0.054787799715995789 1
vt 0.096490144729614258 0
vt 0.096490144729614258 0.092697501182556152
vt 0.096490144729614258 0.17765806615352631
vt 0.096490144729614258 0.24821119010448456
vt 0.096490144729614258 0.31117627024650574
vt 0.096490144729614258 0.3741413950920105
vt 0.096490144729614258 0.43710649013519287
vt 0.096490144729614258 0.5
vt 0.096490144729614258 0.56311196088790894
vt 0.096490144729614258 0.62477958202362061
vt 0.096490144729614258 0.68660396337509155
vt 0.096490144729614258 0.75144368410110474
vt 0.096490144729614258 0.82292741537094116
vt 0.096490144729614258 0.90533912181854248
vt 0.096490144729614258 1
vt 0.13086016476154327 0
vt 0.13086016476154327 0.092697501182556152
vt 0.13086016476154327 0.17765806615352631
vt 0.13086016476154327 0.24821119010448456
vt 0.13086016476154327 0.31117627024650574
vt 0.13086016476154327 0.3741413950920105
vt 0.13086016476154327 0.43710649013519287
vt 0.13086016476154327 0.5
vt 0.13086016476154327 0.56311196088790894
vt 0.13086016476154327 0.62477958202362061
vt 0.13086016476154327 0.68660396337509155
vt 0.13086016476154327 0.75144368410110474
vt 0.13086016476154327 0.82292741537094116
vt 0.13086016476154327 0.90533912181854248
vt 0.16063787043094635 0
vt 0.16063787043094635 0.092697501182556152
vt 0.16063787043094635 0.17765806615352631
vt 0.16063787043094635 0.24821119010448456
vt 0.16063787043094635 0.31117627024650574
vt 0.16063787043094635 0.3741413950920105
vt 0.16063787043094635 0.43710649013519287
vt 0.16063787043094635 0.5
vt 0.16063787043094635 0.56311196088790894
vt 0.16063787043094635 0.62477958202362061
vt 0.16063787043094635 0.68660396337509155
vt 0.16063787043094635 0.75144368410110474
vt 0.16063787043094635 0.82292741537094116
vt 0.16063787043094635 0.90533912181854248
vt 0.16063787043094635 1
vt 0.19041556119918823 0
vt 0.19041556119918823 0.092697501182556152
vt 0.19041556119918823 0.17765806615352631
vt 0.19041556119918823 0.24821119010448456
vt 0.19041556119918823 0.31117627024650574
vt 0.19041556119918823 0.3741413950920105
vt 0.19041556119918823 0.43710649013519287
vt 0.19041556119918823 0.5
vt 0.19041556119918823 0.56311196088790894
vt 0.19041556119918823 0.62477958202362061
vt 0.19041556119918823 0.68660396337509155
vt 0.19041556119918823 0.75144368410110474
vt 0.19041556119918823 0.82292741537094116
vt 0.19041556119918823 0.90533912181854248
vt 0.19041556119918823 1
vt 0.22019326686859131 0
vt 0.22019326686859131 0.092697501182556152
vt 0.22019326686859131 0.17765806615352631
vt 0.22019326686859131 0.24821119010448456
vt 0.22019326686859131 0.31117627024650574
vt 0.22019326686859131 0.3741413950920105
vt 0.22019326686859131 0.43710649013519287
vt 0.22019326686859131 0.5
vt 0.22019326686859131 0.56311196088790894
vt 0.22019326686859131 0.62477958202362061
vt 0.22019326686859131 0.68660396337509155
vt 0.22019326686859131 0.75144368410110474
vt 0.22019326686859131 0.82292741537094116
vt 0.22019326686859131 0.90533912181854248
vt 0.22019326686859131 1
vt 0.25 0
vt 0.25 0.092697501182556152
vt 0.25 0.17765806615352631
vt 0.25 0.24821119010448456
vt 0.25 0.31117627024650574
vt 0.25 0.3741413950920105
vt 0.25 0.43710649013519287
vt 0.25 0.5
vt 0.25 0.56311196088790894
vt 0.25 0.62477958202362061
vt 0.25 0.68660396337509155
vt 0.25 0.75144368410110474
vt 0.25 0.82292741537094116
vt 0.25 0.90533912181854248
vt 0.25 1
vt 0.27955865859985352 0
vt 0.27955865859985352 0.092697501182556152
vt 0.27955865859985352 0.17765806615352631
vt 0.27955865859985352 0.24821119010448456
vt 0.27955865859985352 0.31117627024650574
vt 0.27955865859985352 0.3741413950920105
vt 0.27955865859985352 0.43710649013519287
vt 0.27955865859985352 0.5
vt 0.27955865859985352 0.56311196088790894
vt 0.27955865859985352 0.62477958202362061
vt 0.27955865859985352 0.68660396337509155
vt 0.27955865859985352 0.75144368410110474
vt 0.27955865859985352 0.82292741537094116
vt 0.27955865859985352 0.90533912181854248
vt 0.27955865859985352 1
vt 0.3084847629070282 0
vt 0.3084847629070282 0.092697501182556152
vt 0.3084847629070282 0.17765806615352631
vt 0.3084847629070282 0.24821119010448456
vt 0.3084847629070282 0.31117627024650574
vt 0.3084847629070282 0.3741413950920105
vt 0.3084847629070282 0.43710649013519287
vt 0.3084847629070282 0.5
vt 0.3084847629070282 0.56311196088790894
vt 0.3084847629070282 0.62477958202362061
vt 0.3084847629070282 0.68660396337509155
vt 0.3084847629070282 0.75144368410110474
vt 0.3084847629070282 0.82292741537094116
vt 0.3084847629070282 0.90533912181854248
vt 0.3084847629070282 1
vt 0.33757299184799194 0
vt 0.33757299184799194 0.092697501182556152
vt 0.33757299184799194 0.17765806615352631
vt 0.33757299184799194 0.24821119010448456
vt 0.33757299184799194 0.31117627024650574
vt 0.33757299184799194 0.3741413950920105
vt 0.33757299184799194 0.43710649013519287
vt 0.33757299184799194 0.5
vt 0.33757299184799194 0.56311196088790894
vt 0.33757299184799194 0.62477958202362061
vt 0.33757299184799194 0.68660396337509155
vt 0.33757299184799194 0.75144368410110474
vt 0.33757299184799194 0.82292741537094116
vt 0.33757299184799194 0.90533912181854248
vt 0.33757299184799194 1
vt 0.36860406398773193 0.092697501182556152
vt 0.36860406398773193 0.17765806615352631
vt 0.36860406398773193 0.24821119010448456
vt 0.36860406398773193 0.31117627024650574
vt 0.36860406398773193 0.3741413950920105
vt 0.36860406398773193 0.43710649013519287
vt 0.36860406398773193 0.5
vt 0.36860406398773193 0.56311196088790894
vt 0.36860406398773193 0.62477958202362061
vt 0.36860406398773193 0.68660396337509155
vt 0.36860406398773193 0.75144368410110474
vt 0.36860406398773193 0.82292741537094116
vt 0.36860406398773193 0.90533912181854248
vt 0.36860406398773193 1
vt 0.40374588966369629 0
vt 0.40374588966369629 0.092697501182556152
vt 0.40374588966369629 0.17765806615352631
vt 0.40374588966369629 0.24821119010448456
vt 0.40374588966369629 0.31117627024650574
vt 0.40374588966369629 0.3741413950920105
vt 0.40374588966369629 0.43710649013519287
vt 0.40374588966369629 0.5
vt 0.40374588966369629 0.56311196088790894
vt 0.40374588966369629 0.62477958202362061
vt 0.40374588966369629 0.68660396337509155
vt 0.40374588966369629 0.75144368410110474
vt 0.40374588966369629 0.82292741537094116
vt 0.40374588966369629 0.90533912181854248
vt 0.40374588966369629 1
vt 0.44675129652023315 0
vt 0.44675129652023315 0.092697501182556152
vt 0.44675129652023315 0.17765806615352631
vt 0.44675129652023315 0.24821119010448456
vt 0.44675129652023315 0.31117627024650574
vt 0.44675129652023315 0.3741413950920105
vt 0.44675129652023315 0.43710649013519287
vt 0.44675129652023315 0.5
vt 0.44675129652023315 0.56311196088790894
vt 0.44675129652023315 0.62477958202362061
vt 0.44675129652023315 0.68660396337509155
vt 0.44675129652023315 0.75144368410110474
vt 0.44675129652023315 0.82292741537094116
vt 0.44675129652023315 0.90533912181854248
vt 0.44675129652023315 1
vt 0.5 0
vt 0.5 0.092697501182556152
vt 0.5 0.17765806615352631
vt 0.5 0.24821119010448456
vt 0.5 0.31117627024650574
vt 0.5 0.3741413950920105
vt 0.5 0.43710649013519287
vt 0.5 0.5
vt 0.5 0.56311196088790894
vt 0.5 0.62477958202362061
vt 0.5 0.68660396337509155
vt 0.5 0.75144368410110474
vt 0.5 0.82292741537094116
vt 0.5 0.90533912181854248
vt 0.5 1
vt 0.55478781461715698 0
vt 0.55478781461715698 0.092697501182556152
vt 0.55478781461715698 0.17765806615352631
vt 0.55478781461715698 0.24821119010448456
vt 0.55478781461715698 0.31117627024650574
vt 0.55478781461715698 0.3741413950920105
vt 0.55478781461715698 0.43710649013519287
vt 0.55478781461715698 0.5
vt 0.55478781461715698 0.56311196088790894
vt 0.55478781461715698 0.62477958202362061
vt 0.55478781461715698 0.68660396337509155
vt 0.55478781461715698 0.75144368410110474
vt 0.55478781461715698 0.82292741537094116
vt 0.55478781461715698 0.90533912181854248
vt 0.55478781461715698 1
vt 0.59649014472961426 0
vt 0.59649014472961426 0.092697501182556152
vt 0.59649014472961426 0.17765806615352631
vt 0.59649014472961426 0.24821119010448456
vt 0.59649014472961426 0.31117627024650574
vt 0.59649014472961426 0.3741413950920105
vt 0.59649014472961426 0.43710649013519287
vt 0.59649014472961426 0.5
vt 0.59649014472961426 0.56311196088790894
vt 0.59649014472961426 0.62477958202362061
vt 0.59649014472961426 0.68660396337509155
vt 0.59649014472961426 0.75144368410110474
vt 0.59649014472961426 0.82292741537094116
vt 0.59649014472961426 0.90533912181854248
vt 0.59649014472961426 1
vt 0.63086014986038208 0
vt 0.63086014986038208 0.092697501182556152
vt 0.63086014986038208 0.17765806615352631
vt 0.63086014986038208 0.24821119010448456
vt 0.63086014986038208 0.31117627024650574
vt 0.63086014986038208 0.3741413950920105
vt 0.63086014986038208 0.43710649013519287
vt 0.63086014986038208 0.5
vt 0.63086014986038208 0.56311196088790894
vt 0.63086014986038208 0.62477958202362061
vt 0.63086014986038208 0.68660396337509155
vt 0.63086014986038208 0.75144368410110474
vt 0.63086014986038208 0.82292741537094116
vt 0.63086014986038208 0.90533912181854248
vt 0.66063785552978516 0
vt 0.66063785552978516 0.092697501182556152
vt 0.66063785552978516 0.17765806615352631
vt 0.66063785552978516 0.24821119010448456
vt 0.66063785552978516 0.31117627024650574
vt 0.66063785552978516 0.3741413950920105
vt 0.66063785552978516 0.43710649013519287
vt 0.66063785552978516 0.5
vt 0.66063785552978516 0.56311196088790894
vt 0.66063785552978516 0.62477958202362061
vt 0.66063785552978516 0.68660396337509155
vt 0.66063785552978516 0.75144368410110474
vt 0.66063785552978516 0.82292741537094116
vt 0.66063785552978516 0.90533912181854248
vt 0.66063785552978516 1
vt 0.69041556119918823 0
vt 0.69041556119918823 0.092697501182556152
vt 0.69041556119918823 0.17765806615352631
vt 0.69041556119918823 0.24821119010448456
vt 0.69041556119918823 0.31117627024650574
vt 0.69041556119918823 0.3741413950920105
vt 0.69041556119918823 0.43710649013519287
vt 0.69041556119918823 0.5
vt 0.69041556119918823 0.56311196088790894
vt 0.69041556119918823 0.62477958202362061
vt 0.69041556119918823 0.68660396337509155
vt 0.69041556119918823 0.75144368410110474
vt 0.69041556119918823 0.82292741537094116
vt 0.69041556119918823 0.90533912181854248
vt 0.69041556119918823 1
vt 0.72019326686859131 0
vt 0.72019326686859131 0.092697501182556152
vt 0.72019326686859131 0.17765806615352631
vt 0.72019326686859131 0.24821119010448456
vt 0.72019326686859131 0.31117627024650574
vt 0.72019326686859131 0.3741413950920105
vt 0.72019326686859131 0.43710649013519287
vt 0.72019326686859131 0.5
vt 0.72019326686859131 0.56311196088790894
vt 0.72019326686859131 0.62477958202362061
vt 0.72019326686859131 0.68660396337509155
vt 0.72019326686859131 0.75144368410110474
vt 0.72019326686859131 0.82292741537094116
vt 0.72019326686859131 0.90533912181854248
vt 0.72019326686859131 1
vt 0.75 0
vt 0.75 0.092697501182556152
vt 0.75 0.17765806615352631
vt 0.75 0.24821119010448456
vt 0.75 0.31117627024650574
vt 0.75 0.3741413950920105
vt 0.75 0.43710649013519287
vt 0.75 0.5
vt 0.75 0.56311196088790894
vt 0.75 0.62477958202362061
vt 0.75 0.68660396337509155
vt 0.75 0.75144368410110474
vt 0.75 0.82292741537094116
vt 0.75 0.90533912181854248
vt 0.75 1
vt 0.77955865859985352 0
vt 0.77955865859985352 0.092697501182556152
vt 0.77955865859985352 0.17765806615352631
vt 0.77955865859985352 0.24821119010448456
vt 0.77955865859985352 0.31117627024650574
vt 0.77955865859985352 0.3741413950920105
vt 0.77955865859985352 0.43710649013519287
vt 0.77955865859985352 0.5
vt 0.77955865859985352 0.56311196088790894
vt 0.77955865859985352 0.62477958202362061
vt 0.77955865859985352 0.68660396337509155
vt 0.77955865859985352 0.75144368410110474
vt 0.77955865859985352 0.82292741537094116
vt 0.77955865859985352 0.90533912181854248
vt 0.77955865859985352 1
vt 0.80848479270935059 0
vt 0.80848479270935059 0.092697501182556152
vt 0.80848479270935059 0.17765806615352631
vt 0.80848479270935059 0.24821119010448456
vt 0.80848479270935059 0.31117627024650574
vt 0.80848479270935059 0.3741413950920105
vt 0.80848479270935059 0.43710649013519287
vt 0.80848479270935059 0.5
vt 0.80848479270935059 0.56311196088790894
vt 0.80848479270935059 0.62477958202362061
vt 0.80848479270935059 0.68660396337509155
vt 0.80848479270935059 0.75144368410110474
vt 0.80848479270935059 0.82292741537094116
vt 0.80848479270935059 0.90533912181854248
vt 0.80848479270935059 1
vt 0.83757299184799194 0
vt 0.83757299184799194 0.092697501182556152
vt 0.83757299184799194 0.17765806615352631
vt 0.83757299184799194 0.24821119010448456
vt 0.83757299184799194 0.31117627024650574
vt 0.83757299184799194 0.3741413950920105
vt 0.83757299184799194 0.43710649013519287
vt 0.83757299184799194 0.5
vt 0.83757299184799194 0.56311196088790894
vt 0.83757299184799194 0.62477958202362061
vt 0.83757299184799194 0.68660396337509155
vt 0.83757299184799194 0.75144368410110474
vt 0.83757299184799194 0.82292741537094116
vt 0.83757299184799194 0.90533912181854248
vt 0.83757299184799194 1
vt 0.86860406398773193 0.092697501182556152
vt 0.86860406398773193 0.17765806615352631
vt 0.86860406398773193 0.24821119010448456
vt 0.86860406398773193 0.31117627024650574
vt 0.86860406398773193 0.3741413950920105
vt 0.86860406398773193 0.43710649013519287
vt 0.86860406398773193 0.5
vt 0.86860406398773193 0.56311196088790894
vt 0.86860406398773193 0.62477958202362061
vt 0.86860406398773193 0.68660396337509155
vt 0.86860406398773193 0.75144368410110474
vt 0.86860406398773193 0.82292741537094116
vt 0.86860406398773193 0.90533912181854248
vt 0.86860406398773193 1
vt 0.90374588966369629 0
vt 0.90374588966369629 0.092697501182556152
vt 0.90374588966369629 0.17765806615352631
vt 0.90374588966369629 0.24821119010448456
vt 0.90374588966369629 0.31117627024650574
vt 0.90374588966369629 0.3741413950920105
vt 0.90374588966369629 0.43710649013519287
vt 0.90374588966369629 0.5
vt 0.90374588966369629 0.56311196088790894
vt 0.90374588966369629 0.62477958202362061
vt 0.90374588966369629 0.68660396337509155
vt 0.90374588966369629 0.75144368410110474
vt 0.90374588966369629 0.82292741537094116
vt 0.90374588966369629 0.90533912181854248
vt 0.90374588966369629 1
vt 0.94675129652023315 0
vt 0.94675129652023315 0.092697501182556152
vt 0.94675129652023315 0.17765806615352631
vt 0.94675129652023315 0.24821119010448456
vt 0.94675129652023315 0.31117627024650574
vt 0.94675129652023315 0.3741413950920105
vt 0.94675129652023315 0.43710649013519287
vt 0.94675129652023315 0.5
vt 0.94675129652023315 0.56311196088790894
vt 0.94675129652023315 0.62477958202362061
vt 0.94675129652023315 0.68660396337509155
vt 0.94675129652023315 0.75144368410110474
vt 0.94675129652023315 0.82292741537094116
vt 0.94675129652023315 0.90533912181854248
vt 0.94675129652023315 1
vt 1 0.092697501182556152
vt 1 0.17765806615352631
vt 1 0.24821119010448456
vt 1 0.31117627024650574
vt 1 0.3741413950920105
vt 1 0.43710649013519287
vt 1 0.5
vt 1 0.56311196088790894
vt 1 0.62477958202362061
vt 1 0.68660396337509155
vt 1 0.75144368410110474
vt 1 0.82292741537094116
vt 1 0.90533912181854248
vt 1 1
vt 0.054787799715995789 0.046348750591278076
vt 0.027393899857997894 0.092697501182556152
vt 0 0.046348750591278076
vt 0.027393899857997894 0
vt 0.027393899857997894 0.046348750591278076
vt 0.054787799715995789 0.13517779111862183
vt 0.027393899857997894 0.17765806615352631
vt 0 0.13517779111862183
vt 0.027393899857997894 0.13517779111862183
vt 0.054787799715995789 0.21293462812900543
vt 0.027393899857997894 0.24821119010448456
vt 0 0.21293462812900543
vt 0.027393899857997894 0.21293462812900543
vt 0.054787799715995789 0.27969372272491455
vt 0.027393899857997894 0.31117627024650574
vt 0 0.27969372272491455
vt 0.027393899857997894 0.27969372272491455
vt 0.054787799715995789 0.34265884757041931
vt 0.027393899857997894 0.3741413950920105
vt 0 0.34265884757041931
vt 0.027393899857997894 0.34265884757041931
vt 0.054787799715995789 0.40562394261360168
vt 0.027393899857997894 0.43710649013519287
vt 0 0.40562394261360168
vt 0.027393899857997894 0.40562394261360168
vt 0.054787799715995789 0.46855324506759644
vt 0.027393899857997894 0.5
vt 0 0.46855324506759644
vt 0.027393899857997894 0.46855324506759644
vt 0.054787799715995789 0.53155595064163208
vt 0.027393899857997894 0.56311196088790894
vt 0 0.53155595064163208
vt 0.027393899857997894 0.53155595064163208
vt 0.054787799715995789 0.59394574165344238
vt 0.027393899857997894 0.62477958202362061
vt 0 0.59394574165344238
vt 0.027393899857997894 0.59394574165344238
vt 0.054787799715995789 0.65569180250167847
vt 0.027393899857997894 0.68660396337509155
vt 0 0.65569180250167847
vt 0.027393899857997894 0.65569180250167847
vt 0.054787799715995789 0.71902382373809814
vt 0.027393899857997894 0.75144368410110474
vt 0 0.71902382373809814
vt 0.027393899857997894 0.71902382373809814
vt 0.054787799715995789 0.78718554973602295
vt 0.027393899857997894 0.82292741537094116
vt 0 0.78718554973602295
vt 0.027393899857997894 0.78718554973602295
vt 0.054787799715995789 0.86413323879241943
vt 0.027393899857997894 0.90533912181854248
vt 0 0.86413323879241943
vt 0.027393899857997894 0.86413323879241943
vt 0.054787799715995789 0.95266956090927124
vt 0.027393899857997894 1
vt 0 0.95266956090927124
vt 0.027393899857997894 0.95266956090927124
vt 0.096490144729614258 0.046348750591278076
vt 0.075638972222805023 0.092697501182556152
vt 0.075638972222805023 0
vt 0.075638972222805023 0.046348750591278076
vt 0.096490144729614258 0.13517779111862183
vt 0.075638972222805023 0.17765806615352631
vt 0.075638972222805023 0.13517779111862183
vt 0.096490144729614258 0.86413323879241943
vt 0.075638972222805023 0.90533912181854248
vt 0.075638972222805023 0.82292741537094116
vt 0.075638972222805023 0.86413323879241943
vt 0.096490144729614258 0.95266956090927124
vt 0.075638972222805023 1
vt 0.075638972222805023 0.95266956090927124
vt 0.13086016476154327 0.046348750591278076
vt 0.11367515474557877 0.092697501182556152
vt 0.11367515474557877 0
vt 0.11367515474557877 0.046348750591278076
vt 0.13086016476154327 0.13517779111862183
vt 0.11367515474557877 0.17765806615352631
vt 0.11367515474557877 0.13517779111862183
vt 0.13086016476154327 0.86413323879241943
vt 0.11367515474557877 0.90533912181854248
vt 0.11367515474557877 0.82292741537094116
vt 0.11367515474557877 0.86413323879241943
vt 0.13086016476154327 0.95266956090927124
vt 0.11367515474557877 1
vt 0.11367515474557877 0.95266956090927124
vt 0.16063787043094635 0.046348750591278076
vt 0.14574901759624481 0.092697501182556152
vt 0.14574901759624481 0
vt 0.14574901759624481 0.046348750591278076
vt 0.16063787043094635 0.13517779111862183
vt 0.14574901759624481 0.17765806615352631
vt 0.14574901759624481 0.13517779111862183
vt 0.16063787043094635 0.86413323879241943
vt 0.14574901759624481 0.90533912181854248
vt 0.14574901759624481 0.82292741537094116
vt 0.14574901759624481 0.86413323879241943
vt 0.16063787043094635 0.95266956090927124
vt 0.14574901759624481 1
vt 0.14574901759624481 0.95266956090927124
vt 0.19041556119918823 0.046348750591278076
vt 0.17552670836448669 0.092697501182556152
vt 0.17552670836448669 0
vt 0.17552670836448669 0.046348750591278076
vt 0.19041556119918823 0.13517779111862183
vt 0.17552670836448669 0.17765806615352631
vt 0.17552670836448669 0.13517779111862183
vt 0.19041556119918823 0.86413323879241943
vt 0.17552670836448669 0.90533912181854248
vt 0.17552670836448669 0.82292741537094116
vt 0.17552670836448669 0.86413323879241943
vt 0.19041556119918823 0.95266956090927124
vt 0.17552670836448669 1
vt 0.17552670836448669 0.95266956090927124
vt 0.22019326686859131 0.046348750591278076
vt 0.20530441403388977 0.092697501182556152
vt 0.20530441403388977 0
vt 0.20530441403388977 0.046348750591278076
vt 0.22019326686859131 0.13517779111862183
vt 0.20530441403388977 0.17765806615352631
vt 0.20530441403388977 0.13517779111862183
vt 0.22019326686859131 0.86413323879241943
vt 0.20530441403388977 0.90533912181854248
vt 0.20530441403388977 0.82292741537094116
vt 0.20530441403388977 0.86413323879241943
vt 0.22019326686859131 0.95266956090927124
vt 0.20530441403388977 1
vt 0.20530441403388977 0.95266956090927124
vt 0.25 0.046348750591278076
vt 0.23509663343429565 0.092697501182556152
vt 0.23509663343429565 0
vt 0.23509663343429565 0.046348750591278076
vt 0.25 0.13517779111862183
vt 0.23509663343429565 0.17765806615352631
vt 0.23509663343429565 0.13517779111862183
vt 0.25 0.86413323879241943
vt 0.23509663343429565 0.90533912181854248
vt 0.23509663343429565 0.82292741537094116
vt 0.23509663343429565 0.86413323879241943
vt 0.25 0.95266956090927124
vt 0.23509663343429565 1
vt 0.23509663343429565 0.95266956090927124
vt 0.27955865859985352 0.046348750591278076
vt 0.26477932929992676 0.092697501182556152
vt 0.26477932929992676 0
vt 0.26477932929992676 0.046348750591278076
vt 0.27955865859985352 0.13517779111862183
vt 0.26477932929992676 0.17765806615352631
vt 0.26477932929992676 0.13517779111862183
vt 0.27955865859985352 0.86413323879241943
vt 0.26477932929992676 0.90533912181854248
vt 0.26477932929992676 0.82292741537094116
vt 0.26477932929992676 0.86413323879241943
vt 0.27955865859985352 0.95266956090927124
vt 0.26477932929992676 1
vt 0.26477932929992676 0.95266956090927124
vt 0.3084847629070282 0.046348750591278076
vt 0.29402172565460205 0.092697501182556152
vt 0.29402172565460205 0
vt 0.29402172565460205 0.046348750591278076
vt 0.3084847629070282 0.13517779111862183
vt 0.29402172565460205 0.17765806615352631
vt 0.29402172565460205 0.13517779111862183
vt 0.3084847629070282 0.86413323879241943
vt 0.29402172565460205 0.90533912181854248
vt 0.29402172565460205 0.82292741537094116
vt 0.29402172565460205 0.86413323879241943
vt 0.3084847629070282 0.95266956090927124
vt 0.29402172565460205 1
vt 0.29402172565460205 0.95266956090927124
vt 0.33757299184799194 0.046348750591278076
vt 0.32302889227867126 0.092697501182556152
vt 0.32302889227867126 0
vt 0.32302889227867126 0.046348750591278076
vt 0.33757299184799194 0.13517779111862183
vt 0.32302889227867126 0.17765806615352631
vt 0.32302889227867126 0.13517779111862183
vt 0.33757299184799194 0.86413323879241943
vt 0.32302889227867126 0.90533912181854248
vt 0.32302889227867126 0.82292741537094116
vt 0.32302889227867126 0.86413323879241943
vt 0.33757299184799194 0.95266956090927124
vt 0.32302889227867126 1
vt 0.32302889227867126 0.95266956090927124
vt 0.36860406398773193 0.046348750591278076
vt 0.35308852791786194 0.092697501182556152
vt 0.35308852791786194 0
vt 0.35308852791786194 0.046348750591278076
vt 0.36860406398773193 0.13517779111862183
vt 0.35308852791786194 0.17765806615352631
vt 0.35308852791786194 0.13517779111862183
vt 0.36860406398773193 0.86413323879241943
vt 0.35308852791786194 0.90533912181854248
vt 0.35308852791786194 0.82292741537094116
vt 0.35308852791786194 0.86413323879241943
vt 0.36860406398773193 0.95266956090927124
vt 0.35308852791786194 1
vt 0.35308852791786194 0.95266956090927124
vt 0.40374588966369629 0.046348750591278076
vt 0.38617497682571411 0.092697501182556152
vt 0.38617497682571411 0
vt 0.38617497682571411 0.046348750591278076
vt 0.40374588966369629 0.13517779111862183
vt 0.38617497682571411 0.17765806615352631
vt 0.38617497682571411 0.13517779111862183
vt 0.40374588966369629 0.86413323879241943
vt 0.38617497682571411 0.90533912181854248
vt 0.38617497682571411 0.82292741537094116
vt 0.38617497682571411 0.86413323879241943
vt 0.40374588966369629 0.95266956090927124
vt 0.38617497682571411 1
vt 0.38617497682571411 0.95266956090927124
vt 0.44675129652023315 0.046348750591278076
vt 0.42524859309196472 0.092697501182556152
vt 0.42524859309196472 0
vt 0.42524859309196472 0.046348750591278076
vt 0.44675129652023315 0.13517779111862183
vt 0.42524859309196472 0.17765806615352631
vt 0.42524859309196472 0.13517779111862183
vt 0.44675129652023315 0.21293462812900543
vt 0.42524859309196472 0.24821119010448456
vt 0.40374588966369629 0.21293462812900543
vt 0.42524859309196472 0.21293462812900543
vt 0.44675129652023315 0.27969372272491455
vt 0.42524859309196472 0.31117627024650574
vt 0.40374588966369629 0.27969372272491455
vt 0.42524859309196472 0.27969372272491455
vt 0.44675129652023315 0.34265884757041931
vt 0.42524859309196472 0.3741413950920105
vt 0.40374588966369629 0.34265884757041931
vt 0.42524859309196472 0.34265884757041931
vt 0.44675129652023315 0.40562394261360168
vt 0.42524859309196472 0.43710649013519287
vt 0.40374588966369629 0.40562394261360168
vt 0.42524859309196472 0.40562394261360168
vt 0.44675129652023315 0.46855324506759644
vt 0.42524859309196472 0.5
vt 0.40374588966369629 0.46855324506759644
vt 0.42524859309196472 0.46855324506759644
vt 0.44675129652023315 0.53155595064163208
vt 0.42524859309196472 0.56311196088790894
vt 0.40374588966369629 0.53155595064163208
vt 0.42524859309196472 0.53155595064163208
vt 0.44675129652023315 0.59394574165344238
vt 0.42524859309196472 0.62477958202362061
vt 0.40374588966369629 0.59394574165344238
vt 0.42524859309196472 0.59394574165344238
vt 0.44675129652023315 0.65569180250167847
vt 0.42524859309196472 0.68660396337509155
vt 0.40374588966369629 0.65569180250167847
vt 0.42524859309196472 0.65569180250167847
vt 0.44675129652023315 0.71902382373809814
vt 0.42524859309196472 0.75144368410110474
vt 0.40374588966369629 0.71902382373809814
vt 0.42524859309196472 0.71902382373809814
vt 0.44675129652023315 0.78718554973602295
vt 0.42524859309196472 0.82292741537094116
vt 0.40374588966369629 0.78718554973602295
vt 0.42524859309196472 0.78718554973602295
vt 0.44675129652023315 0.86413323879241943
vt 0.42524859309196472 0.90533912181854248
vt 0.42524859309196472 0.86413323879241943
vt 0.44675129652023315 0.95266956090927124
vt 0.42524859309196472 1
vt 0.42524859309196472 0.95266956090927124
vt 0.5 0.046348750591278076
vt 0.47337564826011658 0.092697501182556152
vt 0.47337564826011658 0
vt 0.47337564826011658 0.046348750591278076
vt 0.5 0.13517779111862183
vt 0.47337564826011658 0.17765806615352631
vt 0.47337564826011658 0.13517779111862183
vt 0.5 0.21293462812900543
vt 0.47337564826011658 0.24821119010448456
vt 0.47337564826011658 0.21293462812900543
vt 0.5 0.27969372272491455
vt 0.47337564826011658 0.31117627024650574
vt 0.47337564826011658 0.27969372272491455
vt 0.5 0.34265884757041931
vt 0.47337564826011658 0.3741413950920105
vt 0.47337564826011658 0.34265884757041931
vt 0.5 0.40562394261360168
vt 0.47337564826011658 0.43710649013519287
vt 0.47337564826011658 0.40562394261360168
vt 0.5 0.46855324506759644
vt 0.47337564826011658 0.5
vt 0.47337564826011658 0.46855324506759644
vt 0.5 0.53155595064163208
vt 0.47337564826011658 0.56311196088790894
vt 0.47337564826011658 0.53155595064163208
vt 0.5 0.59394574165344238
vt 0.47337564826011658 0.62477958202362061
vt 0.47337564826011658 0.59394574165344238
vt 0.5 0.65569180250167847
vt 0.47337564826011658 0.68660396337509155
vt 0.47337564826011658 0.65569180250167847
vt 0.5 0.71902382373809814
vt 0.47337564826011658 0.75144368410110474
vt 0.47337564826011658 0.71902382373809814
vt 0.5 0.78718554973602295
vt 0.47337564826011658 0.82292741537094116
vt 0.47337564826011658 0.78718554973602295
vt 0.5 0.86413323879241943
vt 0.47337564826011658 0.90533912181854248
vt 0.47337564826011658 0.86413323879241943
vt 0.5 0.95266956090927124
vt 0.47337564826011658 1
vt 0.47337564826011658 0.95266956090927124
vt 0.55478781461715698 0.046348750591278076
vt 0.5273938775062561 0.092697501182556152
vt 0.5273938775062561 0
vt 0.5273938775062561 0.046348750591278076
vt 0.55478781461715698 0.13517779111862183
vt 0.5273938775062561 0.17765806615352631
vt 0.5273938775062561 0.13517779111862183
vt 0.55478781461715698 0.21293462812900543
vt 0.5273938775062561 0.24821119010448456
vt 0.5273938775062561 0.21293462812900543
vt 0.55478781461715698 0.27969372272491455
vt 0.5273938775062561 0.31117627024650574
vt 0.5273938775062561 0.27969372272491455
vt 0.55478781461715698 0.34265884757041931
vt 0.5273938775062561 0.3741413950920105
vt 0.5273938775062561 0.34265884757041931
vt 0.55478781461715698 0.40562394261360168
vt 0.5273938775062561 0.43710649013519287
vt 0.5273938775062561 0.40562394261360168
vt 0.55478781461715698 0.46855324506759644
vt 0.5273938775062561 0.5
vt 0.5273938775062561 0.46855324506759644
vt 0.55478781461715698 0.53155595064163208
vt 0.5273938775062561 0.56311196088790894
vt 0.5273938775062561 0.53155595064163208
vt 0.55478781461715698 0.59394574165344238
vt 0.5273938775062561 0.62477958202362061
vt 0.5273938775062561 0.59394574165344238
vt 0.55478781461715698 0.65569180250167847
vt 0.5273938775062561 0.68660396337509155
vt 0.5273938775062561 0.65569180250167847
vt 0.55478781461715698 0.71902382373809814
vt 0.5273938775062561 0.75144368410110474
vt 0.5273938775062561 0.71902382373809814
vt 0.55478781461715698 0.78718554973602295
vt 0.5273938775062561 0.82292741537094116
vt 0.5273938775062561 0.78718554973602295
vt 0.55478781461715698 0.86413323879241943
vt 0.5273938775062561 0.90533912181854248
vt 0.5273938775062561 0.86413323879241943
vt 0.55478781461715698 0.95266956090927124
vt 0.5273938775062561 1
vt 0.5273938775062561 0.95266956090927124
vt 0.59649014472961426 0.046348750591278076
vt 0.57563894987106323 0.092697501182556152
vt 0.57563894987106323 0
vt 0.57563894987106323 0.046348750591278076
vt 0.59649014472961426 0.13517779111862183
vt 0.57563894987106323 0.17765806615352631
vt 0.57563894987106323 0.13517779111862183
vt 0.59649014472961426 0.86413323879241943
vt 0.57563894987106323 0.90533912181854248
vt 0.57563894987106323 0.82292741537094116
vt 0.57563894987106323 0.86413323879241943
vt 0.59649014472961426 0.95266956090927124
vt 0.57563894987106323 1
vt 0.57563894987106323 0.95266956090927124
vt 0.63086014986038208 0.046348750591278076
vt 0.61367517709732056 0.092697501182556152
vt 0.61367517709732056 0
vt 0.61367517709732056 0.046348750591278076
vt 0.63086014986038208 0.13517779111862183
vt 0.61367517709732056 0.17765806615352631
vt 0.61367517709732056 0.13517779111862183
vt 0.63086014986038208 0.86413323879241943
vt 0.61367517709732056 0.90533912181854248
vt 0.61367517709732056 0.82292741537094116
vt 0.61367517709732056 0.86413323879241943
vt 0.63086014986038208 0.95266956090927124
vt 0.61367517709732056 1
vt 0.61367517709732056 0.95266956090927124
vt 0.66063785552978516 0.046348750591278076
vt 0.64574903249740601 0.092697501182556152
vt 0.64574903249740601 0
vt 0.64574903249740601 0.046348750591278076
vt 0.66063785552978516 0.13517779111862183
vt 0.64574903249740601 0.17765806615352631
vt 0.64574903249740601 0.13517779111862183
vt 0.66063785552978516 0.86413323879241943
vt 0.64574903249740601 0.90533912181854248
vt 0.64574903249740601 0.82292741537094116
vt 0.64574903249740601 0.86413323879241943
vt 0.66063785552978516 0.95266956090927124
vt 0.64574903249740601 1
vt 0.64574903249740601 0.95266956090927124
vt 0.69041556119918823 0.046348750591278076
vt 0.67552673816680908 0.092697501182556152
vt 0.67552673816680908 0
vt 0.67552673816680908 0.046348750591278076
vt 0.69041556119918823 0.13517779111862183
vt 0.67552673816680908 0.17765806615352631
vt 0.67552673816680908 0.13517779111862183
vt 0.69041556119918823 0.86413323879241943
vt 0.67552673816680908 0.90533912181854248
vt 0.67552673816680908 0.82292741537094116
vt 0.67552673816680908 0.86413323879241943
vt 0.69041556119918823 0.95266956090927124
vt 0.67552673816680908 1
vt 0.67552673816680908 0.95266956090927124
vt 0.72019326686859131 0.046348750591278076
vt 0.70530438423156738 0.092697501182556152
vt 0.70530438423156738 0
vt 0.70530438423156738 0.046348750591278076
vt 0.72019326686859131 0.13517779111862183
vt 0.70530438423156738 0.17765806615352631
vt 0.70530438423156738 0.13517779111862183
vt 0.72019326686859131 0.86413323879241943
vt 0.70530438423156738 0.90533912181854248
vt 0.70530438423156738 0.82292741537094116
vt 0.70530438423156738 0.86413323879241943
vt 0.72019326686859131 0.95266956090927124
vt 0.70530438423156738 1
vt 0.70530438423156738 0.95266956090927124
vt 0.75 0.046348750591278076
vt 0.73509663343429565 0.092697501182556152
vt 0.73509663343429565 0
vt 0.73509663343429565 0.046348750591278076
vt 0.75 0.13517779111862183
vt 0.73509663343429565 0.17765806615352631
vt 0.73509663343429565 0.13517779111862183
vt 0.75 0.86413323879241943
vt 0.73509663343429565 0.90533912181854248
vt 0.73509663343429565 0.82292741537094116
vt 0.73509663343429565 0.86413323879241943
vt 0.75 0.95266956090927124
vt 0.73509663343429565 1
vt 0.73509663343429565 0.95266956090927124
vt 0.77955865859985352 0.046348750591278076
vt 0.76477932929992676 0.092697501182556152
vt 0.76477932929992676 0
vt 0.76477932929992676 0.046348750591278076
vt 0.77955865859985352 0.13517779111862183
vt 0.76477932929992676 0.17765806615352631
vt 0.76477932929992676 0.13517779111862183
vt 0.77955865859985352 0.86413323879241943
vt 0.76477932929992676 0.90533912181854248
vt 0.76477932929992676 0.82292741537094116
vt 0.76477932929992676 0.86413323879241943
vt 0.77955865859985352 0.95266956090927124
vt 0.76477932929992676 1
vt 0.76477932929992676 0.95266956090927124
vt 0.80848479270935059 0.046348750591278076
vt 0.79402172565460205 0.092697501182556152
vt 0.79402172565460205 0
vt 0.79402172565460205 0.046348750591278076
vt 0.80848479270935059 0.13517779111862183
vt 0.79402172565460205 0.17765806615352631
vt 0.79402172565460205 0.13517779111862183
vt 0.80848479270935059 0.86413323879241943
vt 0.79402172565460205 0.90533912181854248
vt 0.79402172565460205 0.82292741537094116
vt 0.79402172565460205 0.86413323879241943
vt 0.80848479270935059 0.95266956090927124
vt 0.79402172565460205 1
vt 0.79402172565460205 0.95266956090927124
vt 0.83757299184799194 0.046348750591278076
vt 0.82302886247634888 0.092697501182556152
vt 0.82302886247634888 0
vt 0.82302886247634888 0.046348750591278076
vt 0.83757299184799194 0.13517779111862183
vt 0.82302886247634888 0.17765806615352631
vt 0.82302886247634888 0.13517779111862183
vt 0.83757299184799194 0.86413323879241943
vt 0.82302886247634888 0.90533912181854248
vt 0.82302886247634888 0.82292741537094116
vt 0.82302886247634888 0.86413323879241943
vt 0.83757299184799194 0.95266956090927124
vt 0.82302886247634888 1
vt 0.82302886247634888 0.95266956090927124
vt 0.86860406398773193 0.046348750591278076
vt 0.85308855772018433 0.092697501182556152
vt 0.85308855772018433 0
vt 0.85308855772018433 0.046348750591278076
vt 0.86860406398773193 0.13517779111862183
vt 0.85308855772018433 0.17765806615352631
vt 0.85308855772018433 0.13517779111862183
vt 0.86860406398773193 0.86413323879241943
vt 0.85308855772018433 0.90533912181854248
vt 0.85308855772018433 0.82292741537094116
vt 0.85308855772018433 0.86413323879241943
vt 0.86860406398773193 0.95266956090927124
vt 0.85308855772018433 1
vt 0.85308855772018433 0.95266956090927124
vt 0.90374588966369629 0.046348750591278076
vt 0.88617497682571411 0.092697501182556152
vt 0.88617497682571411 0
vt 0.88617497682571411 0.046348750591278076
vt 0.90374588966369629 0.13517779111862183
vt 0.88617497682571411 0.17765806615352631
vt 0.88617497682571411 0.13517779111862183
vt 0.90374588966369629 0.86413323879241943
vt 0.88617497682571411 0.90533912181854248
vt 0.88617497682571411 0.82292741537094116
vt 0.88617497682571411 0.86413323879241943
vt 0.90374588966369629 0.95266956090927124
vt 0.88617497682571411 1
vt 0.88617497682571411 0.95266956090927124
vt 0.94675129652023315 0.046348750591278076
vt 0.92524862289428711 0.092697501182556152
vt 0.92524862289428711 0
vt 0.92524862289428711 0.046348750591278076
vt 0.94675129652023315 0.13517779111862183
vt 0.92524862289428711 0.17765806615352631
vt 0.92524862289428711 0.13517779111862183
vt 0.94675129652023315 0.21293462812900543
vt 0.92524862289428711 0.24821119010448456
vt 0.90374588966369629 0.21293462812900543
vt 0.92524862289428711 0.21293462812900543
vt 0.94675129652023315 0.27969372272491455
vt 0.92524862289428711 0.31117627024650574
vt 0.90374588966369629 0.27969372272491455
vt 0.92524862289428711 0.27969372272491455
vt 0.94675129652023315 0.34265884757041931
vt 0.92524862289428711 0.3741413950920105
vt 0.90374588966369629 0.34265884757041931
vt 0.92524862289428711 0.34265884757041931
vt 0.94675129652023315 0.40562394261360168
vt 0.92524862289428711 0.43710649013519287
vt 0.90374588966369629 0.40562394261360168
vt 0.92524862289428711 0.40562394261360168
vt 0.94675129652023315 0.46855324506759644
vt 0.92524862289428711 0.5
vt 0.90374588966369629 0.46855324506759644
vt 0.92524862289428711 0.46855324506759644
vt 0.94675129652023315 0.53155595064163208
vt 0.92524862289428711 0.56311196088790894
vt 0.90374588966369629 0.53155595064163208
vt 0.92524862289428711 0.53155595064163208
vt 0.94675129652023315 0.59394574165344238
vt 0.92524862289428711 0.62477958202362061
vt 0.90374588966369629 0.59394574165344238
vt 0.92524862289428711 0.59394574165344238
vt 0.94675129652023315 0.65569180250167847
vt 0.92524862289428711 0.68660396337509155
vt 0.90374588966369629 0.65569180250167847
vt 0.92524862289428711 0.65569180250167847
vt 0.94675129652023315 0.71902382373809814
vt 0.92524862289428711 0.75144368410110474
vt 0.90374588966369629 0.71902382373809814
vt 0.92524862289428711 0.71902382373809814
vt 0.94675129652023315 0.78718554973602295
vt 0.92524862289428711 0.82292741537094116
vt 0.90374588966369629 0.78718554973602295
vt 0.92524862289428711 0.78718554973602295
vt 0.94675129652023315 0.86413323879241943
vt 0.92524862289428711 0.90533912181854248
vt 0.92524862289428711 0.86413323879241943
vt 0.94675129652023315 0.95266956090927124
vt 0.92524862289428711 1
vt 0.92524862289428711 0.95266956090927124
vt 1 0.046348750591278076
vt 0.97337567806243896 0.092697501182556152
vt 0.97337567806243896 0
vt 0.97337567806243896 0.046348750591278076
vt 1 0.13517779111862183
vt 0.97337567806243896 0.17765806615352631
vt 0.97337567806243896 0.13517779111862183
vt 1 0.21293462812900543
vt 0.97337567806243896 0.24821119010448456
vt 0.97337567806243896 0.21293462812900543
vt 1 0.27969372272491455
vt 0.97337567806243896 0.31117627024650574
vt 0.97337567806243896 0.27969372272491455
vt 1 0.34265884757041931
vt 0.97337567806243896 0.3741413950920105
vt 0.97337567806243896 0.34265884757041931
vt 1 0.40562394261360168
vt 0.97337567806243896 0.43710649013519287
vt 0.97337567806243896 0.40562394261360168
vt 1 0.46855324506759644
vt 0.97337567806243896 0.5
vt 0.97337567806243896 0.46855324506759644
vt 1 0.53155595064163208
vt 0.97337567806243896 0.56311196088790894
vt 0.97337567806243896 0.53155595064163208
vt 1 0.59394574165344238
vt 0.97337567806243896 0.62477958202362061
vt 0.97337567806243896 0.59394574165344238
vt 1 0.65569180250167847
vt 0.97337567806243896 0.68660396337509155
vt 0.97337567806243896 0.65569180250167847
vt 1 0.71902382373809814
vt 0.97337567806243896 0.75144368410110474
vt 0.97337567806243896 0.71902382373809814
vt 1 0.78718554973602295
vt 0.97337567806243896 0.82292741537094116
vt 0.97337567806243896 0.78718554973602295
vt 1 0.86413323879241943
vt 0.97337567806243896 0.90533912181854248
vt 0.97337567806243896 0.86413323879241943
vt 1 0.95266956090927124
vt 0.97337567806243896 1
vt 0.97337567806243896 0.95266956090927124
vt 0.16063787043094635 0.023174375295639038
vt 0.15319344401359558 0.046348750591278076
vt 0.14574901759624481 0.023174375295639038
vt 0.15319344401359558 0
vt 0.15319344401359558 0.023174375295639038
vt 0.16063787043094635 0.97633475065231323
vt 0.15319344401359558 1
vt 0.14574901759624481 0.97633475065231323
vt 0.15319344401359558 0.95266956090927124
vt 0.15319344401359558 0.97633475065231323
vt 0.13830459117889404 1
vt 0.13086016476154327 0.97633475065231323
vt 0.13830459117889404 0.95266956090927124
vt 0.13830459117889404 0.97633475065231323
vt 0.17552670836448669 0.023174375295639038
vt 0.16808228194713593 0.046348750591278076
vt 0.16808228194713593 0
vt 0.16808228194713593 0.023174375295639038
vt 0.19041556119918823 0.023174375295639038
vt 0.18297113478183746 0.046348750591278076
vt 0.18297113478183746 0
vt 0.18297113478183746 0.023174375295639038
vt 0.19041556119918823 0.97633475065231323
vt 0.18297113478183746 1
vt 0.17552670836448669 0.97633475065231323
vt 0.18297113478183746 0.95266956090927124
vt 0.18297113478183746 0.97633475065231323
vt 0.16808228194713593 1
vt 0.16808228194713593 0.95266956090927124
vt 0.16808228194713593 0.97633475065231323
vt 0.20530441403388977 0.023174375295639038
vt 0.197859987616539 0.046348750591278076
vt 0.197859987616539 0
vt 0.197859987616539 0.023174375295639038
vt 0.22019326686859131 0.023174375295639038
vt 0.21274884045124054 0.046348750591278076
vt 0.21274884045124054 0
vt 0.21274884045124054 0.023174375295639038
vt 0.22019326686859131 0.97633475065231323
vt 0.21274884045124054 1
vt 0.20530441403388977 0.97633475065231323
vt 0.21274884045124054 0.95266956090927124
vt 0.21274884045124054 0.97633475065231323
vt 0.197859987616539 1
vt 0.197859987616539 0.95266956090927124
vt 0.197859987616539 0.97633475065231323
vt 0.23509663343429565 0.023174375295639038
vt 0.22764495015144348 0.046348750591278076
vt 0.22764495015144348 0
vt 0.22764495015144348 0.023174375295639038
vt 0.25 0.023174375295639038
vt 0.24254831671714783 0.046348750591278076
vt 0.24254831671714783 0
vt 0.24254831671714783 0.023174375295639038
vt 0.25 0.97633475065231323
vt 0.24254831671714783 1
vt 0.23509663343429565 0.97633475065231323
vt 0.24254831671714783 0.95266956090927124
vt 0.24254831671714783 0.97633475065231323
vt 0.22764495015144348 1
vt 0.22764495015144348 0.95266956090927124
vt 0.22764495015144348 0.97633475065231323
vt 0.26477932929992676 0.023174375295639038
vt 0.25738966464996338 0.046348750591278076
vt 0.25738966464996338 0
vt 0.25738966464996338 0.023174375295639038
vt 0.27955865859985352 0.023174375295639038
vt 0.27216899394989014 0.046348750591278076
vt 0.27216899394989014 0
vt 0.27216899394989014 0.023174375295639038
vt 0.27955865859985352 0.97633475065231323
vt 0.27216899394989014 1
vt 0.26477932929992676 0.97633475065231323
vt 0.27216899394989014 0.95266956090927124
vt 0.27216899394989014 0.97633475065231323
vt 0.25738966464996338 1
vt 0.25738966464996338 0.95266956090927124
vt 0.25738966464996338 0.97633475065231323
vt 0.29402172565460205 0.023174375295639038
vt 0.28679019212722778 0.046348750591278076
vt 0.28679019212722778 0
vt 0.28679019212722778 0.023174375295639038
vt 0.3084847629070282 0.023174375295639038
vt 0.30125322937965393 0.046348750591278076
vt 0.30125322937965393 0
vt 0.30125322937965393 0.023174375295639038
vt 0.3084847629070282 0.97633475065231323
vt 0.30125322937965393 1
vt 0.29402172565460205 0.97633475065231323
vt 0.30125322937965393 0.95266956090927124
vt 0.30125322937965393 0.97633475065231323
vt 0.28679019212722778 1
vt 0.28679019212722778 0.95266956090927124
vt 0.28679019212722778 0.97633475065231323
vt 0.32302889227867126 0.023174375295639038
vt 0.31575682759284973 0.046348750591278076
vt 0.31575682759284973 0
vt 0.31575682759284973 0.023174375295639038
vt 0.33757299184799194 0.023174375295639038
vt 0.33030092716217041 0.046348750591278076
vt 0.33030092716217041 0
vt 0.33030092716217041 0.023174375295639038
vt 0.33757299184799194 0.97633475065231323
vt 0.33030092716217041 1
vt 0.32302889227867126 0.97633475065231323
vt 0.33030092716217041 0.95266956090927124
vt 0.33030092716217041 0.97633475065231323
vt 0.31575682759284973 1
vt 0.31575682759284973 0.95266956090927124
vt 0.31575682759284973 0.97633475065231323
vt 0.35308852791786194 0.023174375295639038
vt 0.34533077478408813 0.046348750591278076
vt 0.34533077478408813 0
vt 0.34533077478408813 0.023174375295639038
vt 0.36860406398773193 0.023174375295639038
vt 0.36084631085395813 0.046348750591278076
vt 0.36084631085395813 0
vt 0.36084631085395813 0.023174375295639038
vt 0.36860406398773193 0.97633475065231323
vt 0.36084631085395813 1
vt 0.35308852791786194 0.97633475065231323
vt 0.36084631085395813 0.95266956090927124
vt 0.36084631085395813 0.97633475065231323
vt 0.34533077478408813 1
vt 0.34533077478408813 0.95266956090927124
vt 0.34533077478408813 0.97633475065231323
vt 0.66063785552978516 0.023174375295639038
vt 0.65319341421127319 0.046348750591278076
vt 0.64574903249740601 0.023174375295639038
vt 0.65319341421127319 0
vt 0.65319341421127319 0.023174375295639038
vt 0.66063785552978516 0.97633475065231323
vt 0.65319341421127319 1
vt 0.64574903249740601 0.97633475065231323
vt 0.65319341421127319 0.95266956090927124
vt 0.65319341421127319 0.97633475065231323
vt 0.63830459117889404 1
vt 0.63086014986038208 0.97633475065231323
vt 0.63830459117889404 0.95266956090927124
vt 0.63830459117889404 0.97633475065231323
vt 0.67552673816680908 0.023174375295639038
vt 0.66808229684829712 0.046348750591278076
vt 0.66808229684829712 0
vt 0.66808229684829712 0.023174375295639038
vt 0.69041556119918823 0.023174375295639038
vt 0.68297111988067627 0.046348750591278076
vt 0.68297111988067627 0
vt 0.68297111988067627 0.023174375295639038
vt 0.69041556119918823 0.97633475065231323
vt 0.68297111988067627 1
vt 0.67552673816680908 0.97633475065231323
vt 0.68297111988067627 0.95266956090927124
vt 0.68297111988067627 0.97633475065231323
vt 0.66808229684829712 1
vt 0.66808229684829712 0.95266956090927124
vt 0.66808229684829712 0.97633475065231323
vt 0.70530438423156738 0.023174375295639038
vt 0.6978600025177002 0.046348750591278076
vt 0.6978600025177002 0
vt 0.6978600025177002 0.023174375295639038
vt 0.72019326686859131 0.023174375295639038
vt 0.71274882555007935 0.046348750591278076
vt 0.71274882555007935 0
vt 0.71274882555007935 0.023174375295639038
vt 0.72019326686859131 0.97633475065231323
vt 0.71274882555007935 1
vt 0.70530438423156738 0.97633475065231323
vt 0.71274882555007935 0.95266956090927124
vt 0.71274882555007935 0.97633475065231323
vt 0.6978600025177002 1
vt 0.6978600025177002 0.95266956090927124
vt 0.6978600025177002 0.97633475065231323
vt 0.73509663343429565 0.023174375295639038
vt 0.72764492034912109 0.046348750591278076
vt 0.72764492034912109 0
vt 0.72764492034912109 0.023174375295639038
vt 0.75 0.023174375295639038
vt 0.74254828691482544 0.046348750591278076
vt 0.74254828691482544 0
vt 0.74254828691482544 0.023174375295639038
vt 0.75 0.97633475065231323
vt 0.74254828691482544 1
vt 0.73509663343429565 0.97633475065231323
vt 0.74254828691482544 0.95266956090927124
vt 0.74254828691482544 0.97633475065231323
vt 0.72764492034912109 1
vt 0.72764492034912109 0.95266956090927124
vt 0.72764492034912109 0.97633475065231323
vt 0.76477932929992676 0.023174375295639038
vt 0.75738966464996338 0.046348750591278076
vt 0.75738966464996338 0
vt 0.75738966464996338 0.023174375295639038
vt 0.77955865859985352 0.023174375295639038
vt 0.77216899394989014 0.046348750591278076
vt 0.77216899394989014 0
vt 0.77216899394989014 0.023174375295639038
vt 0.77955865859985352 0.97633475065231323
vt 0.77216899394989014 1
vt 0.76477932929992676 0.97633475065231323
vt 0.77216899394989014 0.95266956090927124
vt 0.77216899394989014 0.97633475065231323
vt 0.75738966464996338 1
vt 0.75738966464996338 0.95266956090927124
vt 0.75738966464996338 0.97633475065231323
vt 0.79402172565460205 0.023174375295639038
vt 0.78679019212722778 0.046348750591278076
vt 0.78679019212722778 0
vt 0.78679019212722778 0.023174375295639038
vt 0.80848479270935059 0.023174375295639038
vt 0.80125325918197632 0.046348750591278076
vt 0.80125325918197632 0
vt 0.80125325918197632 0.023174375295639038
vt 0.80848479270935059 0.97633475065231323
vt 0.80125325918197632 1
vt 0.79402172565460205 0.97633475065231323
vt 0.80125325918197632 0.95266956090927124
vt 0.80125325918197632 0.97633475065231323
vt 0.78679019212722778 1
vt 0.78679019212722778 0.95266956090927124
vt 0.78679019212722778 0.97633475065231323
vt 0.82302886247634888 0.023174375295639038
vt 0.81575679779052734 0.046348750591278076
vt 0.81575679779052734 0
vt 0.81575679779052734 0.023174375295639038
vt 0.83757299184799194 0.023174375295639038
vt 0.83030092716217041 0.046348750591278076
vt 0.83030092716217041 0
vt 0.83030092716217041 0.023174375295639038
vt 0.83757299184799194 0.97633475065231323
vt 0.83030092716217041 1
vt 0.82302886247634888 0.97633475065231323
vt 0.83030092716217041 0.95266956090927124
vt 0.83030092716217041 0.97633475065231323
vt 0.81575679779052734 1
vt 0.81575679779052734 0.95266956090927124
vt 0.81575679779052734 0.97633475065231323
vt 0.85308855772018433 0.023174375295639038
vt 0.84533077478408813 0.046348750591278076
vt 0.84533077478408813 0
vt 0.84533077478408813 0.023174375295639038
vt 0.86860406398773193 0.023174375295639038
vt 0.86084628105163574 0.046348750591278076
vt 0.86084628105163574 0
vt 0.86084628105163574 0.023174375295639038
vt 0.86860406398773193 0.97633475065231323
vt 0.86084628105163574 1
vt 0.85308855772018433 0.97633475065231323
vt 0.86084628105163574 0.95266956090927124
vt 0.86084628105163574 0.97633475065231323
vt 0.84533077478408813 1
vt 0.84533077478408813 0.95266956090927124
vt 0.84533077478408813 0.97633475065231323
vn -0.91474771499633789 0 -0.40402546525001526
vn -0.671580970287323 0 -0.74093121290206909
vn -0.38108786940574646 0 -0.92453885078430176
vn -0.15493488311767578 0 -0.98792469501495361
vn 0.018788224086165428 0 -0.99982351064682007
vn 0.16677941381931305 0 -0.98599421977996826
vn 0.29368916153907776 0 -0.95590096712112427
vn 0.40402546525001526 0 -0.91474771499633789
vn 0.50912755727767944 0 -0.86069107055664062
vn 0.61461055278778076 0 -0.78883069753646851
vn 0.72249507904052734 0 -0.69137603044509888
vn 0.83401656150817871 0 -0.55173945426940918
vn 0.94078952074050903 0 -0.33899122476577759
vn 0.99993658065795898 0 -0.011260418221354485
vn -0.91474771499633789 0 -0.40402546525001526
vn -0.66350328922271729 0.25538966059684753 -0.70323503017425537
vn -0.36944830417633057 0.41582083702087402 -0.83102405071258545
vn -0.15668152272701263 0.49061444401741028 -0.85717463493347168
vn -0.00097769813146442175 0.52835714817047119 -0.84902167320251465
vn 0.12831439077854156 0.54937160015106201 -0.82566714286804199
vn 0.23816341161727905 0.55969864130020142 -0.79373520612716675
vn 0.33399727940559387 0.56268143653869629 -0.75619798898696899
vn 0.42661857604980469 0.5596768856048584 -0.71046346426010132
vn 0.52215325832366943 0.54962605237960815 -0.65212512016296387
vn 0.62442260980606079 0.52933675050735474 -0.57436841726303101
vn 0.73850166797637939 0.49088308215141296 -0.46222192049026489
vn 0.86406129598617554 0.41500627994537354 -0.28489971160888672
vn 0.965545654296875 0.26008698344230652 0.0087383938953280449
vn 0.91474771499633789 0 0.40402546525001526
vn -0.91474771499633789 0 -0.40402546525001526
vn -0.65093767642974854 0.4247058629989624 -0.62920987606048584
vn -0.35625606775283813 0.64486551284790039 -0.67618793249130249
vn -0.16539336740970612 0.73144072294235229 -0.66154325008392334
vn -0.03398609533905983 0.77129554748535156 -0.63556915521621704
vn 0.072047479450702667 0.79240751266479492 -0.60572224855422974
vn 0.16129396855831146 0.8025059700012207 -0.57442879676818848
vn 0.23948459327220917 0.80538922548294067 -0.5422133207321167
vn 0.31623595952987671 0.80248486995697021 -0.5059770941734314
vn 0.39769995212554932 0.79265850782394409 -0.46209010481834412
vn 0.48916473984718323 0.77229660749435425 -0.40530949831008911
vn 0.5997501015663147 0.73173338174819946 -0.32383039593696594
vn 0.7409777045249939 0.64386600255966187 -0.19075791537761688
vn 0.90056705474853516 0.43179053068161011 0.050358161330223083
vn 0.91474771499633789 0 0.40402546525001526
vn -0.91474771499633789 0 -0.40402546525001526
vn -0.64354991912841797 0.52985894680023193 -0.55235224962234497
vn -0.35362184047698975 0.76238739490509033 -0.54195666313171387
vn -0.18037647008895874 0.8432496190071106 -0.50635409355163574
vn -0.06541973352432251 0.87842601537704468 -0.47337934374809265
vn 0.025917762890458107 0.89654028415679932 -0.44220328330993652
vn 0.1024596318602562 0.9050784707069397 -0.41271662712097168
vn 0.16971062123775482 0.90750128030776978 -0.38423916697502136
vn 0.23629587888717651 0.90506070852279663 -0.35359489917755127
vn 0.3080669641494751 0.89675348997116089 -0.31769159436225891
vn 0.39073270559310913 0.87929302453994751 -0.27234479784965515
vn 0.49514845013618469 0.84351253509521484 -0.20812152326107025
vn 0.64009648561477661 0.76141822338104248 -0.1025611013174057
vn 0.83732724189758301 0.53791093826293945 0.097646750509738922
vn -0.91474771499633789 0 -0.40402546525001526
vn -0.64316946268081665 0.59389156103134155 -0.48334857821464539
vn -0.36004149913787842 0.82489001750946045 -0.43580567836761475
vn -0.19895057380199432 0.89923810958862305 -0.38960176706314087
vn -0.094144657254219055 0.93056267499923706 -0.35382175445556641
vn -0.011490534991025925 0.94644999504089355 -0.32264590263366699
vn 0.05766427144408226 0.95388084650039673 -0.29459497332572937
vn 0.11855039000511169 0.95598268508911133 -0.26840808987617493
vn 0.17913472652435303 0.9538654088973999 -0.24093878269195557
vn 0.2449931800365448 0.94663596153259277 -0.20942467451095581
vn 0.3219035267829895 0.93132692575454712 -0.17031815648078918
vn 0.42137914896011353 0.89947456121444702 -0.11569409817457199
vn 0.56600040197372437 0.82397937774658203 -0.026486264541745186
vn 0.78506386280059814 0.60228675603866577 0.14465609192848206
vn 0.91474771499633789 0 0.40402546525001526
vn -0.91474771499633789 0 -0.40402546525001526
vn -0.64985990524291992 0.63531172275543213 -0.41720634698867798
vn -0.37443447113037109 0.86188578605651855 -0.34198197722434998
vn -0.22212561964988708 0.93122833967208862 -0.28891864418983459
vn -0.12405069172382355 0.95988184213638306 -0.2514721155166626
vn -0.046959508210420609 0.97428447008132935 -0.22037363052368164
vn 0.017537152394652367 0.98099064826965332 -0.19326086342334747
vn 0.074431702494621277 0.98288404941558838 -0.16851966083049774
vn 0.13124583661556244 0.98097676038742065 -0.14303520321846008
vn 0.19335260987281799 0.97445255517959595 -0.11426708847284317
vn 0.2665233314037323 0.96057671308517456 -0.079105876386165619
vn 0.36258158087730408 0.9314458966255188 -0.030709968879818916
vn 0.50636506080627441 0.86102509498596191 0.04722561314702034
vn 0.73994213342666626 0.64381700754165649 0.19489817321300507
vn 0.91474771499633789 0 0.40402546525001526
vn -0.91474771499633789 0 -0.40402546525001526
vn -0.66362637281417847 0.65768724679946899 -0.35643717646598816
vn -0.39591890573501587 0.88080346584320068 -0.25967949628829956
vn -0.24933861196041107 0.94725596904754639 -0.20133648812770844
vn -0.15522916615009308 0.97444039583206177 -0.16238777339458466
vn -0.081264838576316833 0.98804223537445068 -0.1310289204120636
vn -0.019311312586069107 0.99436116218566895 -0.1042737290263176
vn 0.035448744893074036 0.99614351987838745 -0.080258950591087341
vn 0.090281426906585693 0.99434804916381836 -0.055867590010166168
vn 0.15045160055160522 0.98820072412490845 -0.028699738904833794
vn 0.22173939645290375 0.97509753704071045 0.0040482976473867893
vn 0.31617909669876099 0.94746303558349609 0.048421252518892288
vn 0.46001866459846497 0.87997287511825562 0.11845070123672485
vn 0.70377653837203979 0.66621291637420654 0.24669596552848816
vn 0.91474771499633789 0 0.40402546525001526
vn -0.91474771499633789 0 -0.40402546525001526
vn -0.68360370397567749 0.66447114944458008 -0.30193385481834412
vn -0.42346298694610596 0.88639551401138306 -0.18703499436378479
vn -0.28014203906059265 0.95195090770721436 -0.1237330362200737
vn -0.18784445524215698 0.97868835926055908 -0.082967072725296021
vn -0.11512674391269684 0.99204850196838379 -0.05084913969039917
vn -0.054078876972198486 0.99825096130371094 -0.023885538801550865
vn 0 1 0
vn 0.054276581853628159 0.99823814630508423 0.023972861468791962
vn 0.11399926245212555 0.99220407009124756 0.050351154059171677
vn 0.18500687181949615 0.97933411598205566 0.081713773310184479
vn 0.279561847448349 0.95215475559234619 0.1234767735004425
vn 0.42489808797836304 0.88557440042495728 0.18766884505748749
vn 0.67658847570419312 0.67299735546112061 0.29883536696434021
vn 0.91474771499633789 0 0.40402546525001526
vn -0.91474771499633789 0 -0.40402546525001526
vn -0.71017616987228394 0.65780371427536011 -0.25088658928871155
vn -0.45827135443687439 0.88090002536773682 -0.11833205074071884
vn -0.31641462445259094 0.94733721017837524 -0.049335751682519913
vn -0.22424566745758057 0.9745139479637146 -0.0060327271930873394
vn -0.15125812590122223 0.98811161518096924 0.027502210810780525
vn -0.08976399153470993 0.99442851543426514 0.055265828967094421
vn -0.035140842199325562 0.99621033668518066 0.079561829566955566
vn 0.019808387383818626 0.99441546201705933 0.1036604717373848
vn 0.080402635037899017 0.98827004432678223 0.12983717024326324
vn 0.15260596573352814 0.97517091035842896 0.16047768294811249
vn 0.24898871779441833 0.9475441575050354 0.20041115581989288
vn 0.39759472012519836 0.88006961345672607 0.25960731506347656
vn 0.65650498867034912 0.66632938385009766 0.35356238484382629
vn 0.91474771499633789 0 0.40402546525001526
vn -0.91474771499633789 0 -0.40402546525001526
vn -0.74460488557815552 0.63645428419113159 -0.20122011005878448
vn -0.50303500890731812 0.86286962032318115 -0.049110375344753265
vn -0.36124789714813232 0.93206733465194702 0.02739342488348484
vn -0.2676016092300415 0.96064615249633789 0.074487283825874329
vn -0.19279457628726959 0.97500777244567871 0.11040861159563065
vn -0.12941735982894897 0.98169410228729248 0.13974213600158691
vn -0.072911672294139862 0.9835817813873291 0.16507817804813385
vn -0.015918076038360596 0.98168027400970459 0.18986968696117401
vn 0.047051474452018738 0.97517538070678711 0.21637734770774841
vn 0.12217247486114502 0.96133905649185181 0.24678154289722443
vn 0.22244627773761749 0.93228441476821899 0.28524279594421387
vn 0.37662920355796814 0.86201035976409912 0.33924707770347595
vn 0.6428225040435791 0.64496129751205444 0.41328462958335876
vn 0.91474771499633789 0 0.40402546525001526
vn -0.91474771499633789 0 -0.40402546525001526
vn -0.7875746488571167 0.59698498249053955 -0.15275847911834717
vn -0.56063908338546753 0.82774394750595093 0.022887323051691055
vn -0.41804385185241699 0.90173631906509399 0.11004976183176041
vn -0.32125207781791687 0.93286478519439697 0.16297364234924316
vn -0.24282412230968475 0.94864159822463989 0.20276960730552673
vn -0.17580147087574005 0.95601820945739746 0.23478284478187561
vn -0.11572057753801346 0.95810443162918091 0.2620011568069458
vn -0.05491349846124649 0.95600295066833496 0.28817161917686462
vn 0.012395355850458145 0.94882625341415405 0.31555518507957458
vn 0.09269694983959198 0.93362385034561157 0.3460545539855957
vn 0.19956481456756592 0.90197139978408813 0.38291177153587341
vn 0.36228027939796448 0.82683670520782471 0.43022555112838745
vn 0.63588249683380127 0.60539156198501587 0.47870087623596191
vn 0.91474771499633789 0 0.40402546525001526
vn -0.84076488018035889 0.53122860193252563 -0.10445394366979599
vn -0.63730913400650024 0.76379424333572388 0.10225173830986023
vn -0.49429622292518616 0.84453660249710083 0.20598341524600983
vn -0.3925902247428894 0.87963604927062988 0.26853922009468079
vn -0.30815064907073975 0.89770454168319702 0.31491225957870483
vn -0.23493188619613647 0.90621960163116455 0.35152953863143921
vn -0.16871687769889832 0.90863567590713501 0.3819892406463623
vn -0.10135806351900101 0.90620189905166626 0.41051748394966125
vn -0.026637354865670204 0.89791715145111084 0.43935775756835938
vn 0.062375079840421677 0.88050103187561035 0.46992269158363342
vn 0.17995136976242065 0.84479904174804688 0.50391674041748047
vn 0.35535326600074768 0.76282608509063721 0.54020404815673828
vn 0.63607299327850342 0.53929001092910767 0.55188542604446411
vn 0.91474771499633789 0 0.40402546525001526
vn -0.91474771499633789 0 -0.40402546525001526
vn -0.90392410755157471 0.42386737465858459 -0.057075787335634232
vn -0.74048924446105957 0.643851637840271 0.19269348680973053
vn -0.60116386413574219 0.73043972253799438 0.3241293728351593
vn -0.49342289566993713 0.77031898498535156 0.40390905737876892
vn -0.39987877011299133 0.79144895076751709 0.46228289604187012
vn -0.31656032800674438 0.80155730247497559 0.50724297761917114
vn -0.24000288546085358 0.80444353818893433 0.54338675737380981
vn -0.16143496334552765 0.8015362024307251 0.57574164867401123
vn -0.074025824666023254 0.79170018434524536 0.60640829801559448
vn 0.029664402827620506 0.77132081985473633 0.63575482368469238
vn 0.16450595855712891 0.7307325005531311 0.66254645586013794
vn 0.35811951756477356 0.6428523063659668 0.6771199107170105
vn 0.6438489556312561 0.43094250559806824 0.63225555419921875
vn 0.91474771499633789 0 0.40402546525001526
vn -0.91474771499633789 0 -0.40402546525001526
vn -0.96851253509521484 0.24846948683261871 -0.0156971774995327
vn -0.86705207824707031 0.40547454357147217 0.28950145840644836
vn -0.74383729696273804 0.47909513115882874 0.46601924300193787
vn -0.63296502828598022 0.5163733959197998 0.57681351900100708
vn -0.52829819917678833 0.5371699333190918 0.65753281116485596
vn -0.43020913004875183 0.5474010705947876 0.71782463788986206
vn -0.33733260631561279 0.55035752058029175 0.76374948024749756
vn -0.24047495424747467 0.54737949371337891 0.80159056186676025
vn -0.13224300742149353 0.53742188215255737 0.83288025856018066
vn -0.0050355447456240654 0.51734215021133423 0.85576385259628296
vn 0.1555878221988678 0.47936016321182251 0.86371654272079468
vn 0.37193039059638977 0.4046744704246521 0.83540791273117065
vn 0.65721392631530762 0.25305244326591492 0.70995372533798218
vn 0.91474771499633789 0 0.40402546525001526
vn -0.91474771499633789 0 -0.40402546525001526
vn -0.99999654293060303 0 0.0026294298004359007
vn -0.94005757570266724 0 0.34101575613021851
vn -0.83458995819091797 0 0.55087172985076904
vn -0.72637790441513062 0 0.68729549646377563
vn -0.61647981405258179 0 0.78737074136734009
vn -0.50875890254974365 0 0.86090904474258423
vn -0.40402546525001526 0 0.91474771499633789
vn -0.2932797372341156 0 0.95602667331695557
vn -0.16911755502223969 0 0.98559588193893433
vn -0.024419583380222321 0 0.99970179796218872
vn 0.15390729904174805 0 0.98808526992797852
vn 0.38307732343673706 0 0.92371624708175659
vn 0.66516083478927612 0 0.74670010805130005
vn 0.91474771499633789 0 0.40402546525001526
vn -0.91474771499633789 0 -0.40402546525001526
vn -0.96669244766235352 -0.25538966059684753 -0.016789261251688004
vn -0.86309540271759033 -0.41582083702087402 0.28663459420204163
vn -0.73912078142166138 -0.49061444401741028 0.46151697635650635
vn -0.628223717212677 -0.52835714817047119 0.57111620903015137
vn -0.52387923002243042 -0.54937160015106201 0.65095418691635132
vn -0.42629006505012512 -0.55969864130020142 0.71064352989196777
vn -0.33399727940559387 -0.56268143653869629 0.75619798898696899
vn -0.23780907690525055 -0.5596768856048584 0.79385679960250854
vn -0.13034239411354065 -0.54962605237960815 0.8251800537109375
vn -0.0039863516576588154 -0.52933675050735474 0.84840244054794312
vn 0.15574344992637634 -0.49088308215141296 0.85719180107116699
vn 0.37138122320175171 -0.41500627994537354 0.8305695652961731
vn 0.65678000450134277 -0.26008698344230652 0.70780986547470093
vn 0.91474771499633789 0 0.40402546525001526
vn -0.91474771499633789 0 -0.40402546525001526
vn -0.90351247787475586 -0.4247058629989624 -0.057359181344509125
vn -0.73976093530654907 -0.64486551284790039 0.19209949672222137
vn -0.60038501024246216 -0.73144072294235229 0.32331451773643494
vn -0.49267959594726562 -0.77129554748535156 0.40295162796974182
vn -0.39920142292976379 -0.79240751266479492 0.46122503280639648
vn -0.31596052646636963 -0.8025059700012207 0.50611567497253418
vn -0.23948459327220917 -0.80538922548294067 0.5422133207321167
vn -0.16100601851940155 -0.80248486995697021 0.57453900575637817
vn -0.073698185384273529 -0.79265850782394409 0.60519510507583618
vn 0.029875895008444786 -0.77229660749435425 0.63455915451049805
vn 0.16458441317081451 -0.73173338174819946 0.66142135858535767
vn 0.35806724429130554 -0.64386600255966187 0.67618370056152344
vn 0.64377897977828979 -0.43179053068161011 0.6317480206489563
vn 0.91474771499633789 0 0.40402546525001526
vn -0.91474771499633789 0 -0.40402546525001526
vn -0.84172636270523071 -0.52985894680023193 -0.10366404801607132
vn -0.63876795768737793 -0.76238739490509033 0.10363825410604477
vn -0.49576646089553833 -0.8432496190071106 0.20771549642086029
vn -0.39396631717681885 -0.87842601537704468 0.27047786116600037
vn -0.30940389633178711 -0.89654028415679932 0.31699323654174805
vn -0.23605543375015259 -0.9050784707069397 0.35371005535125732
vn -0.16971062123775482 -0.90750128030776978 0.38423916697502136
vn -0.1022125631570816 -0.90506070852279663 0.41281676292419434
vn -0.027334414422512054 -0.89675348997116089 0.44168543815612793
vn 0.061861816793680191 -0.87929302453994751 0.47224658727645874
vn 0.17966009676456451 -0.84351253509521484 0.50617074966430664
vn 0.35531279444694519 -0.76141822338104248 0.54221314191818237
vn 0.63613927364349365 -0.53791093826293945 0.553153395652771
vn -0.91474771499633789 0 -0.40402546525001526
vn -0.79046517610549927 -0.59389156103134155 -0.14985866844654083
vn -0.5646289587020874 -0.82489001750946045 0.027397554367780685
vn -0.42197766900062561 -0.89923810958862305 0.1153503954410553
vn -0.32494083046913147 -0.93056267499923706 0.16872023046016693
vn -0.24622702598571777 -0.94644999504089355 0.20881730318069458
vn -0.17891520261764526 -0.95388084650039673 0.2410409152507782
vn -0.11855039000511169 -0.95598268508911133 0.26840808987617493
vn -0.057440925389528275 -0.9538654088973999 0.29468846321105957
vn 0.010210569016635418 -0.94663596153259277 0.32214298844337463
vn 0.090917825698852539 -0.93132692575454712 0.35265296697616577
vn 0.19829340279102325 -0.89947456121444702 0.38939085602760315
vn 0.36163881421089172 -0.82397937774658203 0.43620562553405762
vn 0.63568598031997681 -0.60228675603866577 0.48286020755767822
vn 0.91474771499633789 0 0.40402546525001526
vn -0.91474771499633789 0 -0.40402546525001526
vn -0.74608147144317627 -0.63531172275543213 -0.19935254752635956
vn -0.50497204065322876 -0.86188578605651855 -0.046433981508016586
vn -0.3631654679775238 -0.93122833967208862 0.030407486483454704
vn -0.26943027973175049 -0.95988184213638306 0.077679567039012909
vn -0.19452047348022461 -0.97428447008132935 0.11371683329343796
vn -0.13103950023651123 -0.98099064826965332 0.14312919974327087
vn -0.074431702494621277 -0.98288404941558838 0.16851966083049774
vn -0.017328700050711632 -0.98097676038742065 0.19335009157657623
vn 0.045766200870275497 -0.97445255517959595 0.21988099813461304
vn 0.12103851139545441 -0.96057671308517456 0.25028407573699951
vn 0.22150875627994537 -0.9314458966255188 0.28869077563285828
vn 0.37595784664154053 -0.86102509498596191 0.34247845411300659
vn 0.64243239164352417 -0.64381700754165649 0.41566851735115051
vn 0.91474771499633789 0 0.40402546525001526
vn -0.91474771499633789 0 -0.40402546525001526
vn -0.71043527126312256 -0.65768724679946899 -0.25045791268348694
vn -0.45860740542411804 -0.88080346584320068 -0.11774740368127823
vn -0.31675669550895691 -0.94725596904754639 -0.04869629442691803
vn -0.2245820015668869 -0.97444039583206177 -0.0053670951165258884
vn -0.15158574283123016 -0.98804223537445068 0.028183549642562866
vn -0.090081945061683655 -0.99436116218566895 0.055956955999135971
vn -0.035448744893074036 -0.99614351987838745 0.080258950591087341
vn 0.019511725753545761 -0.99434804916381836 0.10436099022626877
vn 0.080119408667087555 -0.98820072412490845 0.13053825497627258
vn 0.15233978629112244 -0.97509753704071045 0.16117486357688904
vn 0.24874630570411682 -0.94746303558349609 0.20109480619430542
vn 0.39738926291465759 -0.87997287511825562 0.26024892926216125
vn 0.65636086463928223 -0.66621291637420654 0.35404905676841736
vn 0.91474771499633789 0 0.40402546525001526
vn -0.91474771499633789 0 -0.40402546525001526
vn -0.68360370397567749 -0.66447114944458008 -0.30193385481834412
vn -0.42346298694610596 -0.88639551401138306 -0.18703499436378479
vn -0.28014203906059265 -0.95195090770721436 -0.1237330362200737
vn -0.18784445524215698 -0.97868835926055908 -0.082967072725296021
vn -0.11512674391269684 -0.99204850196838379 -0.05084913969039917
vn -0.054078876972198486 -0.99825096130371094 -0.023885538801550865
vn 0 -1 0
vn 0.054276581853628159 -0.99823814630508423 0.023972861468791962
vn 0.11399926245212555 -0.99220407009124756 0.050351154059171677
vn 0.18500687181949615 -0.97933411598205566 0.081713773310184479
vn 0.279561847448349 -0.95215475559234619 0.1234767735004425
vn 0.42489808797836304 -0.88557440042495728 0.18766884505748749
vn 0.67658847570419312 -0.67299735546112061 0.29883536696434021
vn 0.91474771499633789 0 0.40402546525001526
vn -0.91474771499633789 0 -0.40402546525001526
vn -0.66376876831054688 -0.65780371427536011 -0.35595691204071045
vn -0.39612472057342529 -0.88090002536773682 -0.2590373158454895
vn -0.24958088994026184 -0.94733721017837524 -0.20065295696258545
vn -0.15549464523792267 -0.9745139479637146 -0.1616908460855484
vn -0.081547796726226807 -0.98811161518096924 -0.13032785058021545
vn -0.019608017057180405 -0.99442851543426514 -0.10357321798801422
vn 0.035140842199325562 -0.99621033668518066 -0.079561829566955566
vn 0.089963443577289581 -0.99441546201705933 -0.055176489055156708
vn 0.15012413263320923 -0.98827004432678223 -0.02801818959414959
vn 0.2214033305644989 -0.97517091035842896 0.0047146240249276161
vn 0.31583705544471741 -0.9475441575050354 0.049060896039009094
vn 0.45968279242515564 -0.88006961345672607 0.11903470754623413
vn 0.70351386070251465 -0.66632938385009766 0.24713025987148285
vn 0.91474771499633789 0 0.40402546525001526
vn -0.91474771499633789 0 -0.40402546525001526
vn -0.6502457857131958 -0.63645428419113159 -0.41485705971717834
vn -0.37510815262794495 -0.86286962032318115 -0.33874759078025818
vn -0.22306196391582489 -0.93206733465194702 -0.28547120094299316
vn -0.12517863512039185 -0.96064615249633789 -0.2479703277349472
vn -0.048242382705211639 -0.97500777244567871 -0.21686972677707672
vn 0.0161261186003685 -0.98169410228729248 -0.1897805780172348
vn 0.072911672294139862 -0.9835817813873291 -0.16507817804813385
vn 0.12962335348129272 -0.98168027400970459 -0.13964837789535522
vn 0.19162850081920624 -0.97517538070678711 -0.11095724999904633
vn 0.26469817757606506 -0.96133905649185181 -0.075908645987510681
vn 0.36066439747810364 -0.93228441476821899 -0.027694685384631157
vn 0.5044286847114563 -0.86201035976409912 0.04989827424287796
vn 0.73844283819198608 -0.64496129751205444 0.19679215550422668
vn 0.91474771499633789 0 0.40402546525001526
vn -0.91474771499633789 0 -0.40402546525001526
vn -0.64336603879928589 -0.59698498249053955 -0.47925889492034912
vn -0.36068800091743469 -0.82774394750595093 -0.42981874942779541
vn -0.20021906495094299 -0.90173631906509399 -0.38312390446662903
vn -0.095907852053642273 -0.93286478519439697 -0.34722468256950378
vn -0.01366882398724556 -0.94864159822463989 -0.31605732440948486
vn 0.055135723203420639 -0.95601820945739746 -0.28807845711708069
vn 0.11572057753801346 -0.95810443162918091 -0.2620011568069458
vn 0.17602001130580902 -0.95600295066833496 -0.23468132317066193
vn 0.24159525334835052 -0.94882625341415405 -0.20337270200252533
vn 0.31822451949119568 -0.93362385034561157 -0.16455890238285065
vn 0.41744640469551086 -0.90197139978408813 -0.11039048433303833
vn 0.5620121955871582 -0.82683670520782471 -0.021984372287988663
vn 0.78212177753448486 -0.60539156198501587 0.14760276675224304
vn 0.91474771499633789 0 0.40402546525001526
vn -0.6434861421585083 -0.53122860193252563 -0.55110955238342285
vn -0.35366412997245789 -0.76379424333572388 -0.53994446992874146
vn -0.18066650629043579 -0.84453660249710083 -0.5041007399559021
vn -0.065925866365432739 -0.87963604927062988 -0.47105643153190613
vn 0.025223676115274429 -0.89770454168319702 -0.43987533450126648
vn 0.10160461813211441 -0.90621960163116455 -0.41041749715805054
vn 0.16871687769889832 -0.90863567590713501 -0.3819892406463623
vn 0.23517186939716339 -0.90620189905166626 -0.35141465067863464
vn 0.30681592226028442 -0.89791715145111084 -0.31560859084129333
vn 0.38936063647270203 -0.88050103187561035 -0.27040019631385803
vn 0.49367853999137878 -0.84479904174804688 -0.20638808608055115
vn 0.63863867521286011 -0.76282608509063721 -0.10117805749177933
vn 0.836345374584198 -0.53929001092910767 0.098451815545558929
vn 0.91474771499633789 0 0.40402546525001526
vn -0.91474771499633789 0 -0.40402546525001526
vn -0.65100544691085815 -0.42386737465858459 -0.62970495223999023
vn -0.35630753636360168 -0.643851637840271 -0.67712628841400146
vn -0.16531562805175781 -0.73043972253799438 -0.66266775131225586
vn -0.033779021352529526 -0.77031898498535156 -0.63676345348358154
vn 0.072373218834400177 -0.79144895076751709 -0.60693544149398804
vn 0.16172324120998383 -0.80155730247497559 -0.57563138008117676
vn 0.24000288546085358 -0.80444353818893433 -0.54338675737380981
vn 0.31683599948883057 -0.8015362024307251 -0.50710415840148926
vn 0.39837604761123657 -0.79170018434524536 -0.46314939856529236
vn 0.48990607261657715 -0.77132081985473633 -0.40627112984657288
vn 0.60052883625030518 -0.7307325005531311 -0.32464614510536194
vn 0.74170494079589844 -0.6428523063659668 -0.1913498193025589
vn 0.90098929405212402 -0.43094250559806824 0.05006810650229454
vn 0.91474771499633789 0 0.40402546525001526
vn -0.91474771499633789 0 -0.40402546525001526
vn -0.66392195224761963 -0.24846948683261871 -0.70531594753265381
vn -0.36999416351318359 -0.40547454357147217 -0.8358796238899231
vn -0.15653032064437866 -0.47909513115882874 -0.86369329690933228
vn 4.0109869587467983E-05 -0.5163733959197998 -0.85636353492736816
vn 0.13020074367523193 -0.5371699333190918 -0.83336436748504639
vn 0.24083182215690613 -0.5474010705947876 -0.80146872997283936
vn 0.33733260631561279 -0.55035752058029175 -0.76374948024749756
vn 0.4305395781993866 -0.54737949371337891 -0.71764290332794189
vn 0.5265648365020752 -0.53742188215255737 -0.65871632099151611
vn 0.62915718555450439 -0.51734215021133423 -0.58010202646255493
vn 0.74321967363357544 -0.47936016321182251 -0.46673154830932617
vn 0.86800754070281982 -0.4046744704246521 -0.28775256872177124
vn 0.96742260456085205 -0.25305244326591492 0.0076151322573423386
vn 0.91474771499633789 0 0.40402546525001526
vn -0.671580970287323 0 -0.74093121290206909
vn -0.38108786940574646 0 -0.92453885078430176
vn -0.15493488311767578 0 -0.98792469501495361
vn 0.018788224086165428 0 -0.99982351064682007
vn 0.16677941381931305 0 -0.98599421977996826
vn 0.29368916153907776 0 -0.95590096712112427
vn 0.40402546525001526 0 -0.91474771499633789
vn 0.50912755727767944 0 -0.86069107055664062
vn 0.61461055278778076 0 -0.78883069753646851
vn 0.72249507904052734 0 -0.69137603044509888
vn 0.83401656150817871 0 -0.55173945426940918
vn 0.94078952074050903 0 -0.33899122476577759
vn 0.99993658065795898 0 -0.011260418221354485
vn 0.91474771499633789 0 0.40402546525001526
vn -0.80954098701477051 0.13334326446056366 -0.57171928882598877
vn -0.66949337720870972 0.12843620777130127 -0.73163020610809326
vn -0.81049811840057373 0 -0.58574122190475464
vn -0.91474771499633789 0 -0.40402546525001526
vn -0.81023812294006348 0.066141113638877869 -0.58235692977905273
vn -0.51488029956817627 0.34659373760223389 -0.7840733528137207
vn -0.37785476446151733 0.21608109772205353 -0.90029704570770264
vn -0.52759808301925659 0 -0.84949415922164917
vn -0.52421867847442627 0.17719109356403351 -0.83294546604156494
vn -0.2578759491443634 0.45857733488082886 -0.85041564702987671
vn -0.15515631437301636 0.26056164503097534 -0.95290827751159668
vn -0.26425087451934814 0 -0.96445399522781372
vn -0.26232811808586121 0.24115076661109924 -0.93436086177825928
vn -0.075075633823871613 0.51209986209869385 -0.85563856363296509
vn 0.013611611910164356 0.28421896696090698 -0.95866274833679199
vn -0.064636781811714172 0 -0.9979088306427002
vn -0.067224621772766113 0.27391719818115234 -0.95940095186233521
vn 0.066511832177639008 0.54049795866012573 -0.83871215581893921
vn 0.15632082521915436 0.29780426621437073 -0.94174116849899292
vn 0.095733627676963806 0 -0.99540698528289795
vn 0.087897457182407379 0.29202938079833984 -0.95236176252365112
vn 0.18528236448764801 0.5556146502494812 -0.81053245067596436
vn 0.2783622145652771 0.30459824204444885 -0.91089755296707153
vn 0.232559934258461 0 -0.97258204221725464
vn 0.21958872675895691 0.30190184712409973 -0.92770475149154663
vn 0.28753852844238281 0.56196844577789307 -0.77557271718978882
vn 0.38457015156745911 0.30657562613487244 -0.87069922685623169
vn 0.35066014528274536 0 -0.93650275468826294
vn 0.33316656947135925 0.30610233545303345 -0.89179670810699463
vn 0.3797697126865387 0.56196337938308716 -0.73482793569564819
vn 0.48617473244667053 0.3045838475227356 -0.81906217336654663
vn 0.45623078942298889 0 -0.88986146450042725
vn 0.43496206402778625 0.30609896779060364 -0.8468242883682251
vn 0.47365641593933105 0.55568408966064453 -0.68327504396438599
vn 0.58898138999938965 0.29797068238258362 -0.75120866298675537
vn 0.56152480840682983 0 -0.82745987176895142
vn 0.53710848093032837 0.30194759368896484 -0.78761804103851318
vn 0.57241672277450562 0.54103761911392212 -0.6161310076713562
vn 0.69556689262390137 0.28484535217285156 -0.65958309173583984
vn 0.66840648651123047 0 -0.74379616975784302
vn 0.64190196990966797 0.29237896203994751 -0.70885568857192993
vn 0.6807597279548645 0.51285576820373535 -0.52301549911499023
vn 0.80826729536056519 0.26072689890861511 -0.52794456481933594
vn 0.7789379358291626 0 -0.62710100412368774
vn 0.75219452381134033 0.27439233660697937 -0.59909284114837646
vn 0.80249518156051636 0.45845130085945129 -0.38186889886856079
vn 0.92076069116592407 0.21561194956302643 -0.32513263821601868
vn 0.89105039834976196 0 -0.45390433073043823
vn 0.86752128601074219 0.24107553064823151 -0.43507400155067444
vn 0.92546123266220093 0.34788855910301208 -0.14998340606689453
vn 0.99137604236602783 0.13089187443256378 -0.0063927797600626945
vn 0.9827505350112915 0 -0.18493624031543732
vn 0.96814274787902832 0.1779017299413681 -0.17621177434921265
vn 0.96837341785430908 0.13610562682151794 0.20911276340484619
vn 0.91474771499633789 0 0.40402546525001526
vn 0.97975635528564453 0 0.2001936286687851
vn 0.97698765993118286 0.067525707185268402 0.20232488214969635
vn -0.80861222743988037 0.22945019602775574 -0.54175537824630737
vn -0.65728837251663208 0.34498316049575806 -0.67004376649856567
vn -0.91474771499633789 0 -0.40402546525001526
vn -0.80894392728805542 0.18296512961387634 -0.55868905782699585
vn -0.49710115790367126 0.55554276704788208 -0.6665303111076355
vn -0.36210313439369202 0.54301100969314575 -0.75764131546020508
vn -0.50576210021972656 0.46004489064216614 -0.72976940870285034
vn 0.82610511779785156 0.55729436874389648 -0.083506248891353607
vn 0.93596696853637695 0.35105222463607788 0.026984361931681633
vn 0.80501037836074829 0.54205876588821411 -0.24110284447669983
vn 0.87892645597457886 0.46163329482078552 -0.11992902308702469
vn 0.94486439228057861 0.23407375812530518 0.22899957001209259
vn 0.91474771499633789 0 0.40402546525001526
vn 0.95800960063934326 0.18670886754989624 0.21761755645275116
vn -0.80962872505187988 0.2955094575881958 -0.50712472200393677
vn -0.64652419090270996 0.48153537511825562 -0.59171795845031738
vn -0.91474771499633789 0 -0.40402546525001526
vn -0.80879896879196167 0.26436552405357361 -0.5253143310546875
vn -0.48832619190216064 0.67259383201599121 -0.55601716041564941
vn -0.35366615653038025 0.71073383092880249 -0.6080935001373291
vn -0.49158716201782227 0.62011295557022095 -0.61139345169067383
vn 0.73819500207901001 0.67441588640213013 -0.015209631063044071
vn 0.86912429332733154 0.48920074105262756 0.072839446365833282
vn 0.68896710872650146 0.70973914861679077 -0.14695119857788086
vn 0.7814638614654541 0.62192273139953613 -0.050263348966836929
vn 0.91920530796051025 0.30129823088645935 0.25353696942329407
vn 0.91474771499633789 0 0.40402546525001526
vn 0.93246972560882568 0.26961880922317505 0.24042859673500061
vn -0.81311541795730591 0.33930408954620361 -0.47298628091812134
vn -0.64252424240112305 0.56490373611450195 -0.51773196458816528
vn -0.91474771499633789 0 -0.40402546525001526
vn -0.81101322174072266 0.31908434629440308 -0.49034959077835083
vn -0.48915588855743408 0.73860704898834229 -0.46388158202171326
vn -0.35579821467399597 0.79741376638412476 -0.48737967014312744
vn -0.48766452074050903 0.70922470092773438 -0.50910085439682007
vn 0.67047631740570068 0.74039566516876221 0.047704212367534637
vn 0.81051105260848999 0.57316863536834717 0.1206214651465416
vn 0.60124671459197998 0.79647350311279297 -0.064282998442649841
vn 0.70297366380691528 0.71103525161743164 0.016030037775635719
vn 0.89568924903869629 0.34579822421073914 0.27957895398139954
vn 0.91474771499633789 0 0.40402546525001526
vn 0.90741562843322754 0.32526013255119324 0.26608788967132568
vn -0.81967365741729736 0.36948338150978088 -0.43774095177650452
vn -0.64560389518737793 0.61721169948577881 -0.44971692562103271
vn -0.91474771499633789 0 -0.40402546525001526
vn -0.81599491834640503 0.35609668493270874 -0.45535421371459961
vn -0.49862277507781982 0.77914488315582275 -0.3798796534538269
vn -0.36628821492195129 0.84604030847549438 -0.3873613178730011
vn -0.49282577633857727 0.76163965463638306 -0.42074668407440186
vn 0.61464941501617432 0.78088396787643433 0.11147366464138031
vn 0.76144438982009888 0.62568020820617676 0.16948972642421722
vn 0.53441154956817627 0.84515672922134399 0.010695027187466621
vn 0.64100247621536255 0.76340293884277344 0.079572059214115143
vn 0.87350934743881226 0.37642750144004822 0.30868068337440491
vn 0.91474771499633789 0 0.40402546525001526
vn 0.88430970907211304 0.36284506320953369 0.29383641481399536
vn -0.82933551073074341 0.38649466633796692 -0.40351513028144836
vn -0.65589869022369385 0.64865398406982422 -0.38606342673301697
vn -0.91474771499633789 0 -0.40402546525001526
vn -0.82413661479949951 0.37956294417381287 -0.42039358615875244
vn -0.51615232229232788 0.80033719539642334 -0.3050362765789032
vn -0.38435572385787964 0.87325423955917358 -0.29949581623077393
vn -0.50644367933273315 0.79184108972549438 -0.3413245677947998
vn 0.57105690240859985 0.80204099416732788 0.17499786615371704
vn 0.72070634365081787 0.65717476606369019 0.22068911790847778
vn 0.48165187239646912 0.87241119146347046 0.083127357065677643
vn 0.59137678146362305 0.79355978965759277 0.14330504834651947
vn 0.85429131984710693 0.39367824792861938 0.33941689133644104
vn 0.91474771499633789 0 0.40402546525001526
vn 0.86346369981765747 0.3866502046585083 0.3239322304725647
vn -0.84162980318069458 0.3917594850063324 -0.37173077464103699
vn -0.67291814088821411 0.66283482313156128 -0.32837662100791931
vn -0.91474771499633789 0 -0.40402546525001526
vn -0.83520036935806274 0.39048483967781067 -0.3872491717338562
vn -0.54062438011169434 0.80666476488113403 -0.23878279328346252
vn -0.40900269150733948 0.88505268096923828 -0.2222578227519989
vn -0.52760463953018188 0.80514264106750488 -0.27088502049446106
vn 0.53850549459457397 0.80835676193237305 0.23784691095352173
vn 0.68909788131713867 0.67136114835739136 0.27279728651046753
vn 0.44118118286132812 0.88422924280166626 0.15328980982303619
vn 0.55349481105804443 0.80683755874633789 0.20653493702411652
vn 0.83877277374267578 0.39901506900787354 0.37046888470649719
vn 0.91474771499633789 0 0.40402546525001526
vn 0.84605085849761963 0.39772304892539978 0.35498499870300293
vn -0.85670113563537598 0.38658460974693298 -0.34149008989334106
vn -0.69584077596664429 0.66286242008209229 -0.27643996477127075
vn -0.91474771499633789 0 -0.40402546525001526
vn -0.84870678186416626 0.39050629734992981 -0.35665339231491089
vn -0.5727999210357666 0.80044621229171753 -0.17659588158130646
vn -0.43961319327354431 0.88507539033889771 -0.15291118621826172
vn -0.55544918775558472 0.80516833066940308 -0.20779839158058167
vn 0.51415145397186279 0.80214983224868774 0.30365103483200073
vn 0.66585201025009155 0.67138874530792236 0.32538947463035583
vn 0.41056820750236511 0.88425201177597046 0.22255824506282806
vn 0.5255589485168457 0.80686318874359131 0.26973989605903625
vn 0.82636624574661255 0.39376944303512573 0.40257230401039124
vn 0.91474771499633789 0 0.40402546525001526
vn 0.83228182792663574 0.39774483442306519 0.38614246249198914
vn -0.87488245964050293 0.37033933401107788 -0.31213700771331787
vn -0.72632467746734619 0.64915263652801514 -0.22594974935054779
vn -0.91474771499633789 0 -0.40402546525001526
vn -0.86539238691329956 0.37994328141212463 -0.32670953869819641
vn -0.61480897665023804 0.78023898601531982 -0.11505227535963058
vn -0.47920596599578857 0.87367403507232666 -0.083995744585990906
vn -0.59241729974746704 0.79231220483779907 -0.1458873450756073
vn 0.49689245223999023 0.78197640180587769 0.37631210684776306
vn 0.64885812997817993 0.65767383575439453 0.38268563151359558
vn 0.38633781671524048 0.87283170223236084 0.29817426204681396
vn 0.50463509559631348 0.79403012990951538 0.33890938758850098
vn 0.81680291891098022 0.37729573249816895 0.43644124269485474
vn 0.91474771499633789 0 0.40402546525001526
vn 0.82122707366943359 0.38703590631484985 0.41927233338356018
vn -0.89591372013092041 0.3415035605430603 -0.28410205245018005
vn -0.7650989294052124 0.61918884515762329 -0.17671683430671692
vn -0.91474771499633789 0 -0.40402546525001526
vn -0.88512533903121948 0.35754349827766418 -0.29785194993019104
vn -0.66864669322967529 0.74169337749481201 -0.052939131855964661
vn -0.53015381097793579 0.84779518842697144 -0.013426503166556358
vn -0.64024347066879272 0.76356768608093262 -0.083980321884155273
vn 0.4871753454208374 0.74347901344299316 0.45814749598503113
vn 0.63846981525421143 0.62766224145889282 0.44541704654693604
vn 0.36855128407478333 0.84691405296325684 0.38328385353088379
vn 0.49102294445037842 0.76532846689224243 0.41613548994064331
vn 0.81022733449935913 0.34803152084350586 0.47159910202026367
vn 0.91474771499633789 0 0.40402546525001526
vn 0.81312185525894165 0.36431330442428589 0.45399186015129089
vn -0.91974437236785889 0.29641428589820862 -0.25731074810028076
vn -0.81344127655029297 0.56738048791885376 -0.12803378701210022
vn -0.91474771499633789 0 -0.40402546525001526
vn -0.90779024362564087 0.32078531384468079 -0.27021035552024841
vn -0.7385827898979187 0.67404818534851074 0.012431840412318707
vn -0.59700727462768555 0.79981362819671631 0.062293227761983871
vn -0.7021295428276062 0.71176767349243164 -0.020021917298436165
vn 0.48589277267456055 0.67587006092071533 0.55417311191558838
vn 0.63504528999328613 0.57565814256668091 0.51510697603225708
vn 0.35769394040107727 0.79887574911117554 0.48358309268951416
vn 0.48536098003387451 0.71357673406600952 0.50520581007003784
vn 0.80655086040496826 0.30221819877624512 0.50807470083236694
vn 0.91474771499633789 0 0.40402546525001526
vn 0.80798536539077759 0.32698836922645569 0.49014103412628174
vn -0.94522428512573242 0.22894719243049622 -0.23266755044460297
vn -0.87255579233169556 0.48199373483657837 -0.079551398754119873
vn -0.91474771499633789 0 -0.40402546525001526
vn -0.93293118476867676 0.26465421915054321 -0.244126096367836
vn -0.82809609174728394 0.55456763505935669 0.081924334168434143
vn -0.6872410774230957 0.7112424373626709 0.14776314795017242
vn -0.78263187408447266 0.62062138319015503 0.048129349946975708
vn 0.49476751685142517 0.55631792545318604 0.66761922836303711
vn 0.63918465375900269 0.48966327309608459 0.59302014112472534
vn 0.35540461540222168 0.71024787425994873 0.60764747858047485
vn 0.48914527893066406 0.62243139743804932 0.61099594831466675
vn 0.80566161870956421 0.23356147110462189 0.5443880558013916
vn 0.91474771499633789 0 0.40402546525001526
vn 0.80576270818710327 0.26991257071495056 0.52715623378753662
vn -0.96845990419387817 0.1296006441116333 -0.21281237900257111
vn -0.93933194875717163 0.34135127067565918 -0.033686298877000809
vn -0.91474771499633789 0 -0.40402546525001526
vn -0.95829415321350098 0.18090556561946869 -0.22123619914054871
vn -0.92935985326766968 0.33759301900863647 0.14940302073955536
vn -0.80657988786697388 0.53811061382293701 0.24467487633228302
vn -0.88219982385635376 0.45556554198265076 0.11909443885087967
vn -0.80673778057098389 0.44752147793769836 0.38587391376495361
vn -0.67369645833969116 0.62275099754333496 0.39788725972175598
vn -0.66866004467010498 0.69459718465805054 0.26538360118865967
vn -0.73967623710632324 0.58709782361984253 0.32893037796020508
vn -0.68780845403671265 0.5003049373626709 0.52594155073165894
vn -0.56343698501586914 0.66356247663497925 0.49216213822364807
vn -0.54529619216918945 0.75344854593276978 0.36737897992134094
vn -0.61719417572021484 0.64614313840866089 0.44896593689918518
vn -0.57975804805755615 0.52838462591171265 0.62023407220840454
vn -0.46393924951553345 0.68571740388870239 0.56084936857223511
vn -0.44512152671813965 0.78261882066726685 0.43517193198204041
vn -0.51242685317993164 0.67641216516494751 0.52904188632965088
vn -0.47850680351257324 0.5433540940284729 0.6897808313369751
vn -0.37322506308555603 0.69645446538925171 0.61290633678436279
vn -0.35718241333961487 0.79758131504058838 0.48609137535095215
vn -0.417653888463974 0.69222021102905273 0.5885545015335083
vn -0.38324350118637085 0.54965078830718994 0.74229943752288818
vn -0.28871506452560425 0.69953715801239014 0.65367525815963745
vn -0.27763727307319641 0.80375498533248901 0.52620857954025269
vn -0.33036527037620544 0.69880104064941406 0.63445717096328735
vn -0.29038801789283752 0.54964578151702881 0.78330349922180176
vn -0.2013392299413681 0.69643199443817139 0.68879967927932739
vn -0.2018219530582428 0.80375009775161743 0.55969071388244629
vn -0.24630630016326904 0.69879579544067383 0.67157846689224243
vn -0.18832723796367645 0.54342293739318848 0.81806135177612305
vn -0.10392365604639053 0.68598312139511108 0.72015762329101562
vn -0.11933739483356476 0.79764914512634277 0.5911974310874939
vn -0.15441502630710602 0.69229233264923096 0.70490235090255737
vn -0.071365363895893097 0.52891874313354492 0.84566658735275269
vn 0.011157240718603134 0.66460436582565308 0.74711215496063232
vn -0.024625957012176514 0.78315967321395874 0.62133282423019409
vn -0.048983994871377945 0.67698013782501221 0.73436945676803589
vn 0.07132391631603241 0.50105166435241699 0.8624732494354248
vn 0.15877245366573334 0.62304604053497314 0.76590138673782349
vn 0.09305582195520401 0.75424319505691528 0.64996755123138428
vn 0.08092043548822403 0.64695841073989868 0.75821942090988159
vn 0.25849997997283936 0.447397381067276 0.85616195201873779
vn 0.36428007483482361 0.537162184715271 0.76076072454452515
vn 0.25452345609664917 0.69445252418518066 0.67301821708679199
vn 0.25540396571159363 0.58695578575134277 0.76827841997146606
vn 0.51309734582901001 0.33886063098907471 0.78860926628112793
vn 0.6506308913230896 0.34736904501914978 0.67528820037841797
vn 0.50372660160064697 0.45714426040649414 0.73299294710159302
vn 0.80684584379196167 0.13228754699230194 0.5757601261138916
vn 0.91474771499633789 0 0.40402546525001526
vn 0.80612689256668091 0.18460935354232788 0.56220883131027222
vn -0.97885036468505859 0 -0.20457756519317627
vn -0.99218010902404785 0.12480098009109497 -0.0018253494054079056
vn -0.91474771499633789 0 -0.40402546525001526
vn -0.97632485628128052 0.064252577722072601 -0.20654629170894623
vn -0.98326587677001953 0 0.18217626214027405
vn -0.92107069492340088 0.21009959280490875 0.32785192131996155
vn -0.96956503391265869 0.17223027348518372 0.17401264607906342
vn -0.89086854457855225 0 0.45426124334335327
vn -0.81026095151901245 0.25346285104751587 0.52842569351196289
vn -0.8686213493347168 0.23453231155872345 0.43645340204238892
vn -0.78115165233612061 0 0.62434130907058716
vn -0.70090073347091675 0.27655130624771118 0.6574629545211792
vn -0.75588423013687134 0.26649489998817444 0.59801292419433594
vn -0.67128860950469971 0 0.74119603633880615
vn -0.59220021963119507 0.28981876373291016 0.75186699628829956
vn -0.64618498086929321 0.28417816758155823 0.70829921960830688
vn -0.56226110458374023 0 0.82695978879928589
vn -0.48705458641052246 0.29645633697509766 0.82151776552200317
vn -0.53914451599121094 0.29382181167602539 0.78929835557937622
vn -0.45604893565177917 0 0.88995468616485596
vn -0.3856198787689209 0.29838854074478149 0.87307596206665039
vn -0.43593311309814453 0.29792603850364685 0.84923636913299561
vn -0.35046878457069397 0 0.93657439947128296
vn -0.2787964940071106 0.29644227027893066 0.91345196962356567
vn -0.33392664790153503 0.2979227602481842 0.89427906274795532
vn -0.23342548310756683 0 0.97237467765808105
vn -0.15914395451545715 0.28998133540153503 0.94370758533477783
vn -0.22112563252449036 0.29386651515960693 0.92991715669631958
vn -0.099596746265888214 0 0.99502789974212646
vn -0.019351376220583916 0.27716290950775146 0.96062803268432617
vn -0.092056982219219208 0.28451958298683167 0.95424008369445801
vn 0.061105936765670776 0 0.99813127517700195
vn 0.15413506329059601 0.25362405180931091 0.95494353771209717
vn 0.063645355403423309 0.26695865392684937 0.96160405874252319
vn 0.26463720202445984 0 0.96434801816940308
vn 0.38000702857971191 0.20964252948760986 0.90091323852539062
vn 0.26281028985977173 0.23445895314216614 0.93592721223831177
vn 0.52521085739135742 0 0.85097211599349976
vn 0.6631132960319519 0.12718884646892548 0.73763388395309448
vn 0.52200722694396973 0.17292194068431854 0.83522838354110718
vn 0.80786788463592529 0 0.58936363458633423
vn 0.91474771499633789 0 0.40402546525001526
vn 0.80759435892105103 0.065597884356975555 0.58607876300811768
vn -0.96784120798110962 -0.13334326446056366 -0.21331429481506348
vn -0.99171555042266846 -0.12843620777130127 -0.0020920068491250277
vn -0.91474771499633789 0 -0.40402546525001526
vn -0.97617363929748535 -0.066141113638877869 -0.20666481554508209
vn -0.92634356021881104 -0.34659373760223389 0.14751413464546204
vn -0.91996133327484131 -0.21608109772205353 0.32707807421684265
vn -0.96875756978988647 -0.17719109356403351 0.17352820932865143
vn -0.80228197574615479 -0.45857733488082886 0.38216546177864075
vn -0.80885624885559082 -0.26056164503097534 0.52712351083755493
vn -0.86732977628707886 -0.24115076661109924 0.43541395664215088
vn -0.68302160501480103 -0.51209986209869385 0.52080243825912476
vn -0.69944000244140625 -0.28421896696090698 0.65574628114700317
vn -0.75443106889724731 -0.27391719818115234 0.59649235010147095
vn -0.57514733076095581 -0.54049795866012573 0.61405825614929199
vn -0.59081375598907471 -0.29780426621437073 0.74983447790145874
vn -0.64474904537200928 -0.29202938079833984 0.70641171932220459
vn -0.47432273626327515 -0.5556146502494812 0.68286919593811035
vn -0.48581713438034058 -0.30459824204444885 0.81926894187927246
vn -0.53782588243484497 -0.30190184712409973 0.78714585304260254
vn -0.37960958480834961 -0.56196844577789307 0.73490685224533081
vn -0.38457015156745911 -0.30657562613487244 0.87069922685623169
vn -0.43478631973266602 -0.30610233545303345 0.84691333770751953
vn -0.28737235069274902 -0.56196337938308716 0.77563798427581787
vn -0.27796852588653564 -0.3045838475227356 0.9110226035118103
vn -0.33298236131668091 -0.30609896779060364 0.89186668395996094
vn -0.18603113293647766 -0.55568408966064453 0.81031328439712524
vn -0.15857070684432983 -0.29797068238258362 0.94131225347518921
vn -0.22042092680931091 -0.30194759368896484 0.92749243974685669
vn -0.069883070886135101 -0.54103761911392212 0.83808988332748413
vn -0.019056282937526703 -0.28484535217285156 0.95838403701782227
vn -0.091621503233909607 -0.29237896203994751 0.95190340280532837
vn 0.071916364133358002 -0.51285576820373535 0.85545718669891357
vn 0.15415278077125549 -0.26072689890861511 0.9530259370803833
vn 0.063796065747737885 -0.27439233660697937 0.9594992995262146
vn 0.25823879241943359 -0.45845130085945129 0.85037350654602051
vn 0.37983110547065735 -0.21561194956302643 0.8995775580406189
vn 0.2627083957195282 -0.24107553064823151 0.93427348136901855
vn 0.51246082782745361 -0.34788855910301208 0.78508436679840088
vn 0.66299307346343994 -0.13089187443256378 0.73709398508071899
vn 0.52182096242904663 -0.1779017299413681 0.83429843187332153
vn 0.80679386854171753 -0.13610562682151794 0.57494252920150757
vn 0.91474771499633789 0 0.40402546525001526
vn 0.807578444480896 -0.067525707185268402 0.58588165044784546
vn -0.94506746530532837 -0.22945019602775574 -0.23280923068523407
vn -0.93797272443771362 -0.34498316049575806 -0.034550629556179047
vn -0.91474771499633789 0 -0.40402546525001526
vn -0.95780760049819946 -0.18296512961387634 -0.221649169921875
vn -0.82748538255691528 -0.55554276704788208 0.081487402319908142
vn -0.80390644073486328 -0.54301100969314575 0.24263863265514374
vn -0.88006269931793213 -0.46004489064216614 0.11767877638339996
vn 0.49467927217483521 -0.55729436874389648 0.6668698787689209
vn 0.65034472942352295 -0.35105222463607788 0.67365723848342896
vn 0.36398187279701233 -0.54205876588821411 0.75742292404174805
vn 0.50333350896835327 -0.46163329482078552 0.73044514656066895
vn 0.80565947294235229 -0.23407375812530518 0.54417121410369873
vn 0.91474771499633789 0 0.40402546525001526
vn 0.80610001087188721 -0.18670886754989624 0.56155377626419067
vn -0.9201543927192688 -0.2955094575881958 -0.25688529014587402
vn -0.87282729148864746 -0.48153537511825562 -0.079348653554916382
vn -0.91474771499633789 0 -0.40402546525001526
vn -0.9330405592918396 -0.26436552405357361 -0.24402077496051788
vn -0.73988795280456543 -0.67259383201599121 0.0135399354621768
vn -0.68768370151519775 -0.71073383092880249 0.14815045893192291
vn -0.78301644325256348 -0.62011295557022095 0.048426970839500427
vn 0.48595178127288818 -0.67441588640213013 0.55589038133621216
vn 0.63921874761581421 -0.48920074105262756 0.59336501359939575
vn 0.35541698336601257 -0.70973914861679077 0.60823440551757812
vn 0.48918408155441284 -0.62192273139953613 0.61148267984390259
vn 0.80651456117630005 -0.30129823088645935 0.5086783766746521
vn 0.91474771499633789 0 0.40402546525001526
vn 0.8057592511177063 -0.26961880922317505 0.52731180191040039
vn -0.89726889133453369 -0.33930408954620361 -0.28245571255683899
vn -0.81544548273086548 -0.56490373611450195 -0.1262236088514328
vn -0.91474771499633789 0 -0.40402546525001526
vn -0.90868735313415527 -0.31908434629440308 -0.2692071795463562
vn -0.67234361171722412 -0.73860704898834229 -0.04912910982966423
vn -0.59989255666732788 -0.79741376638412476 0.065270490944385529
vn -0.70476353168487549 -0.70922470092773438 -0.017570370808243752
vn 0.4868449866771698 -0.74039566516876221 0.46346107125282288
vn 0.6350598931312561 -0.57316863536834717 0.51785778999328613
vn 0.35744023323059082 -0.79647350311279297 0.48771551251411438
vn 0.48532041907310486 -0.71103525161743164 0.50881528854370117
vn 0.80992507934570312 -0.34579822421073914 0.47375619411468506
vn 0.91474771499633789 0 0.40402546525001526
vn 0.80785101652145386 -0.32526013255119324 0.49151048064231873
vn -0.87563401460647583 -0.36948338150978088 -0.31104195117950439
vn -0.7672455906867981 -0.61721169948577881 -0.17430995404720306
vn -0.91474771499633789 0 -0.40402546525001526
vn -0.88617533445358276 -0.35609668493270874 -0.29645976424217224
vn -0.61662870645523071 -0.77914488315582275 -0.11270423233509064
vn -0.5330280065536499 -0.84604030847549438 -0.0098483730107545853
vn -0.64293164014816284 -0.76163965463638306 -0.080894269049167633
vn 0.49638006091117859 -0.78088396787643433 0.37924543023109436
vn 0.638133704662323 -0.62568020820617676 0.44867545366287231
vn 0.36784589290618896 -0.84515672922134399 0.38781371712684631
vn 0.49054908752441406 -0.76340293884277344 0.42021125555038452
vn 0.81649726629257202 -0.37642750144004822 0.4377608597278595
vn 0.91474771499633789 0 0.40402546525001526
vn 0.81279927492141724 -0.36284506320953369 0.45574206113815308
vn -0.85684311389923096 -0.38649466633796692 -0.34123563766479492
vn -0.72712910175323486 -0.64865398406982422 -0.22479178011417389
vn -0.91474771499633789 0 -0.40402546525001526
vn -0.86581742763519287 -0.37956294417381287 -0.32602474093437195
vn -0.57311391830444336 -0.80033719539642334 -0.17607048153877258
vn -0.48025006055831909 -0.87325423955917358 -0.082382954657077789
vn -0.59339785575866699 -0.79184108972549438 -0.14445304870605469
vn 0.51397407054901123 -0.80204099416732788 0.30423822999000549
vn 0.64854025840759277 -0.65717476606369019 0.38407924771308899
vn 0.38585013151168823 -0.87241119146347046 0.30003061890602112
vn 0.50423389673233032 -0.79355978965759277 0.34060388803482056
vn 0.82627242803573608 -0.39367824792861938 0.40285393595695496
vn 0.91474771499633789 0 0.40402546525001526
vn 0.82100462913513184 -0.3866502046585083 0.42006313800811768
vn -0.84162980318069458 -0.3917594850063324 -0.37173077464103699
vn -0.69595217704772949 -0.66283482313156128 -0.27622556686401367
vn -0.91474771499633789 0 -0.40402546525001526
vn -0.84877002239227295 -0.39048483967781067 -0.35652631521224976
vn -0.54062438011169434 -0.80666476488113403 -0.23878279328346252
vn -0.43975898623466492 -0.88505268096923828 -0.15262293815612793
vn -0.55558401346206665 -0.80514264106750488 -0.20753736793994904
vn 0.53850549459457397 -0.80835676193237305 0.23784691095352173
vn 0.66576755046844482 -0.67136114835739136 0.32561919093132019
vn 0.41045349836349487 -0.88422924280166626 0.22285988926887512
vn 0.52545654773712158 -0.80683755874633789 0.27001592516899109
vn 0.83877277374267578 -0.39901506900787354 0.37046888470649719
vn 0.91474771499633789 0 0.40402546525001526
vn 0.8322296142578125 -0.39772304892539978 0.38627734780311584
vn -0.82942795753479004 -0.38658460974693298 -0.40323883295059204
vn -0.67300158739089966 -0.66286242008209229 -0.32814985513687134
vn -0.91474771499633789 0 -0.40402546525001526
vn -0.83525168895721436 -0.39050629734992981 -0.38711678981781006
vn -0.51632922887802124 -0.80044621229171753 -0.30445033311843872
vn -0.40911754965782166 -0.88507539033889771 -0.22195589542388916
vn -0.52770674228668213 -0.80516833066940308 -0.27060955762863159
vn 0.57074236869812012 -0.80214983224868774 0.17552447319030762
vn 0.68898499011993408 -0.67138874530792236 0.27301445603370667
vn 0.44103547930717468 -0.88425201177597046 0.15357775986194611
vn 0.5533597469329834 -0.80686318874359131 0.20679651200771332
vn 0.85414630174636841 -0.39376944303512573 0.3396759033203125
vn 0.91474771499633789 0 0.40402546525001526
vn 0.84598630666732788 -0.39774483442306519 0.3551144003868103
vn -0.81997686624526978 -0.37033933401107788 -0.4364478588104248
vn -0.65621280670166016 -0.64915263652801514 -0.38468894362449646
vn -0.91474771499633789 0 -0.40402546525001526
vn -0.8243565559387207 -0.37994328141212463 -0.41961818933486938
vn -0.49913269281387329 -0.78023898601531982 -0.37695309519767761
vn -0.38484463095664978 -0.87367403507232666 -0.29763782024383545
vn -0.5068434476852417 -0.79231220483779907 -0.3396337628364563
vn 0.61282628774642944 -0.78197640180587769 0.11382810026407242
vn 0.719890296459198 -0.65767383575439453 0.22186270356178284
vn 0.48060819506645203 -0.87283170223236084 0.084738165140151978
vn 0.59039449691772461 -0.79403012990951538 0.14474289119243622
vn 0.87273979187011719 -0.37729573249816895 0.30979537963867188
vn 0.91474771499633789 0 0.40402546525001526
vn 0.86302900314331055 -0.38703590631484985 0.32462930679321289
vn -0.81341958045959473 -0.3415035605430603 -0.47087568044662476
vn -0.64593714475631714 -0.61918884515762329 -0.44650909304618835
vn -0.91474771499633789 0 -0.40402546525001526
vn -0.81631672382354736 -0.35754349827766418 -0.4536404013633728
vn -0.48948213458061218 -0.74169337749481201 -0.45858281850814819
vn -0.36699718236923218 -0.84779518842697144 -0.38282683491706848
vn -0.4932962954044342 -0.76356768608093262 -0.41668114066123962
vn 0.66677123308181763 -0.74347901344299316 0.051527217030525208
vn 0.75926226377487183 -0.62766224145889282 0.17193278670310974
vn 0.53153836727142334 -0.84691405296325684 0.014267428778111935
vn 0.63830900192260742 -0.76532846689224243 0.082667455077171326
vn 0.89429837465286255 -0.34803152084350586 0.28125521540641785
vn 0.91474771499633789 0 0.40402546525001526
vn 0.88323330879211426 -0.36431330442428589 0.2952536940574646
vn -0.80966705083847046 -0.29641428589820862 -0.5065351128578186
vn -0.64251238107681274 -0.56738048791885376 -0.51503133773803711
vn -0.91474771499633789 0 -0.40402546525001526
vn -0.81115055084228516 -0.32078531384468079 -0.48901084065437317
vn -0.48826617002487183 -0.67404818534851074 -0.55430608987808228
vn -0.3560556173324585 -0.79981362819671631 -0.4832417368888855
vn -0.48770254850387573 -0.71176767349243164 -0.50550270080566406
vn 0.73688596487045288 -0.67587006092071533 -0.014096632599830627
vn 0.80846792459487915 -0.57565814256668091 0.12246344238519669
vn 0.59836310148239136 -0.79887574911117554 -0.061312146484851837
vn 0.70033299922943115 -0.71357673406600952 0.018491087481379509
vn 0.91878354549407959 -0.30221819877624512 0.25397041440010071
vn 0.91474771499633789 0 0.40402546525001526
vn 0.90649384260177612 -0.32698836922645569 0.26710957288742065
vn -0.808613121509552 -0.22894719243049622 -0.54196673631668091
vn -0.64649116992950439 -0.48199373483657837 -0.591380774974823
vn -0.91474771499633789 0 -0.40402546525001526
vn -0.80880314111709595 -0.26465421915054321 -0.52516251802444458
vn -0.49718955159187317 -0.55456763505935669 -0.66727602481842041
vn -0.35365429520606995 -0.7112424373626709 -0.6075054407119751
vn -0.49154815077781677 -0.62062138319015503 -0.61090874671936035
vn 0.82671850919723511 -0.55631792545318604 -0.083945773541927338
vn 0.86884641647338867 -0.48966327309608459 0.073046505451202393
vn 0.68852496147155762 -0.71024787425994873 -0.14656504988670349
vn 0.78107792139053345 -0.62243139743804932 -0.049964196979999542
vn 0.94502609968185425 -0.23356147110462189 0.22885511815547943
vn 0.91474771499633789 0 0.40402546525001526
vn 0.9323570728302002 -0.26991257071495056 0.2405359297990799
vn -0.80958670377731323 -0.1296006441116333 -0.57251465320587158
vn -0.65756493806838989 -0.34135127067565918 -0.67163056135177612
vn -0.91474771499633789 0 -0.40402546525001526
vn -0.80896639823913574 -0.18090556561946869 -0.55932682752609253
vn -0.51551562547683716 -0.33759301900863647 -0.7875751256942749
vn -0.36239868402481079 -0.53811061382293701 -0.76098895072937012
vn -0.50615507364273071 -0.45556554198265076 -0.73230254650115967
vn -0.25813594460487366 -0.44752147793769836 -0.85620695352554321
vn -0.15964922308921814 -0.62275099754333496 -0.76595908403396606
vn -0.25419881939888 -0.69459718465805054 -0.67299157381057739
vn -0.25505870580673218 -0.58709782361984253 -0.76828455924987793
vn -0.074501030147075653 -0.5003049373626709 -0.86263811588287354
vn -0.015702046453952789 -0.66356247663497925 -0.7479560375213623
vn -0.095718756318092346 -0.75344854593276978 -0.65050226449966431
vn -0.083837941288948059 -0.64614313840866089 -0.75859755277633667
vn 0.067971311509609222 -0.52838462591171265 -0.84627985954284668
vn 0.10208341479301453 -0.68571740388870239 -0.72067368030548096
vn 0.021861588582396507 -0.78261882066726685 -0.62211722135543823
vn 0.045914784073829651 -0.67641216516494751 -0.73509079217910767
vn 0.18757310509681702 -0.5433540940284729 -0.81828027963638306
vn 0.20166045427322388 -0.69645446538925171 -0.68868297338485718
vn 0.11872870475053787 -0.79758131504058838 -0.5914115309715271
vn 0.15373648703098297 -0.69222021102905273 -0.70512145757675171
vn 0.29055532813072205 -0.54965078830718994 -0.78323793411254883
vn 0.28871506452560425 -0.69953715801239014 -0.65367525815963745
vn 0.20195762813091278 -0.80375498533248901 -0.5596347451210022
vn 0.24645721912384033 -0.69880104064941406 -0.67151761054992676
vn 0.38340464234352112 -0.54964578151702881 -0.74221992492675781
vn 0.37352770566940308 -0.69643199443817139 -0.61274755001068115
vn 0.27777004241943359 -0.80375009775161743 -0.52614599466323853
vn 0.33051186800003052 -0.69879579544067383 -0.63438653945922852
vn 0.47783702611923218 -0.54342293739318848 -0.69019079208374023
vn 0.46231833100318909 -0.68598312139511108 -0.56186199188232422
vn 0.35661420226097107 -0.79764914512634277 -0.48639711737632751
vn 0.41703489422798157 -0.69229233264923096 -0.58890849351882935
vn 0.57701873779296875 -0.52891874313354492 -0.62232977151870728
vn 0.55975216627120972 -0.66460436582565308 -0.49495309591293335
vn 0.44267985224723816 -0.78315967321395874 -0.43668696284294128
vn 0.50982648134231567 -0.67698013782501221 -0.53082466125488281
vn 0.68554669618606567 -0.50105166435241699 -0.52817893028259277
vn 0.67306327819824219 -0.62304604053497314 -0.39849644899368286
vn 0.54310739040374756 -0.75424319505691528 -0.36898720264434814
vn 0.61494964361190796 -0.64695841073989868 -0.45086774230003357
vn 0.80694973468780518 -0.447397381067276 -0.38557451963424683
vn 0.80767840147018433 -0.537162184715271 -0.24313050508499146
vn 0.66889834403991699 -0.69445252418518066 -0.26516157388687134
vn 0.73990422487258911 -0.58695578575134277 -0.32867103815078735
vn 0.92849540710449219 -0.33886063098907471 -0.15188710391521454
vn 0.93736529350280762 -0.34736904501914978 0.026097392663359642
vn 0.88107448816299438 -0.45714426040649414 -0.12135446816682816
vn 0.9690127968788147 -0.13228754699230194 0.20860050618648529
vn 0.91474771499633789 0 0.40402546525001526
vn 0.95851194858551025 -0.18460935354232788 0.21719624102115631
vn -0.81049811840057373 0 -0.58574122190475464
vn -0.6696091890335083 -0.12480098009109497 -0.73215317726135254
vn -0.91474771499633789 0 -0.40402546525001526
vn -0.81025230884552002 -0.064252577722072601 -0.58254849910736084
vn -0.52759808301925659 0 -0.84949415922164917
vn -0.37802991271018982 -0.21009959280490875 -0.90163826942443848
vn -0.52440440654754639 -0.17223027348518372 -0.83386856317520142
vn -0.26425087451934814 0 -0.96445399522781372
vn -0.15513990819454193 -0.25346285104751587 -0.95482367277145386
vn -0.26242968440055847 -0.23453231155872345 -0.93601560592651367
vn -0.064636781811714172 0 -0.9979088306427002
vn 0.013896647840738297 -0.27655130624771118 -0.96089869737625122
vn -0.067079447209835052 -0.26649489998817444 -0.96149927377700806
vn 0.095733627676963806 0 -0.99540698528289795
vn 0.15688936412334442 -0.28981876373291016 -0.94413495063781738
vn 0.088325478136539459 -0.28417816758155823 -0.95469439029693604
vn 0.232559934258461 0 -0.97258204221725464
vn 0.27919101715087891 -0.29645633697509766 -0.9133269190788269
vn 0.22029164433479309 -0.29382181167602539 -0.93012923002243042
vn 0.35066014528274536 0 -0.93650275468826294
vn 0.3856198787689209 -0.29838854074478149 -0.87307596206665039
vn 0.33411121368408203 -0.29792603850364685 -0.89420902729034424
vn 0.45623078942298889 0 -0.88986146450042725
vn 0.48741275072097778 -0.29644227027893066 -0.82131040096282959
vn 0.43610921502113342 -0.2979227602481842 -0.84914708137512207
vn 0.56152480840682983 0 -0.82745987176895142
vn 0.59036576747894287 -0.28998133540153503 -0.75324571132659912
vn 0.53842610120773315 -0.29386651515960693 -0.78977197408676147
vn 0.66840648651123047 0 -0.74379616975784302
vn 0.69702678918838501 -0.27716290950775146 -0.66131258010864258
vn 0.64333587884902954 -0.28451958298683167 -0.71075141429901123
vn 0.7789379358291626 0 -0.62710100412368774
vn 0.80967283248901367 -0.25362405180931091 -0.52924925088882446
vn 0.75364875793457031 -0.26695865392684937 -0.60062187910079956
vn 0.89105039834976196 0 -0.45390433073043823
vn 0.92186647653579712 -0.20964252948760986 -0.32590222358703613
vn 0.86881232261657715 -0.23445895314216614 -0.43611252307891846
vn 0.9827505350112915 0 -0.18493624031543732
vn 0.99185609817504883 -0.12718884646892548 -0.0066676032729446888
vn 0.96895557641983032 -0.17292194068431854 -0.1767004132270813
vn 0.97975635528564453 0 0.2001936286687851
vn 0.91474771499633789 0 0.40402546525001526
vn 0.97714406251907349 -0.065597884356975555 0.20220386981964111
vn -0.87748962640762329 0.17532847821712494 -0.44639882445335388
vn -0.811970055103302 0.32962045073509216 -0.48172086477279663
vn -0.87539678812026978 0.16422419250011444 -0.45465466380119324
vn -0.91474771499633789 0 -0.40402546525001526
vn -0.87640595436096191 0.16999384760856628 -0.45057150721549988
vn 0.9207686185836792 0.17897188663482666 0.34663271903991699
vn 0.91474771499633789 0 0.40402546525001526
vn 0.9255872368812561 0.16764703392982483 0.33938583731651306
vn 0.90152567625045776 0.33596375584602356 0.27272656559944153
vn 0.92318570613861084 0.17353153228759766 0.34295043349266052
vn 0.91474771499633789 0 0.40402546525001526
vn 0.93028777837753296 0.15460403263568878 0.33265933394432068
vn 0.91332197189331055 0.31369885802268982 0.25968447327613831
vn 0.92795932292938232 0.16133213043212891 0.3359515368938446
vn -0.87987649440765381 0.1846553236246109 -0.43785810470581055
vn -0.81445574760437012 0.34812948107719421 -0.46418499946594238
vn -0.91474771499633789 0 -0.40402546525001526
vn -0.87864696979522705 0.1802179217338562 -0.44215497374534607
vn -0.88254266977310181 0.1921631395816803 -0.42917570471763611
vn -0.8177344799041748 0.3632112443447113 -0.44652876257896423
vn -0.91474771499633789 0 -0.40402546525001526
vn -0.88117605447769165 0.18863716721534729 -0.43352594971656799
vn 0.91120260953903198 0.19613683223724365 0.36227086186408997
vn 0.91474771499633789 0 0.40402546525001526
vn 0.91594088077545166 0.18848232924938202 0.35429751873016357
vn 0.87882477045059204 0.37006440758705139 0.30119648575782776
vn 0.91355496644973755 0.19254210591316223 0.35825258493423462
vn 0.91474771499633789 0 0.40402546525001526
vn 0.88994026184082031 0.35475838184356689 0.28662306070327759
vn 0.91834938526153564 0.1839577704668045 0.35041961073875427
vn -0.88546204566955566 0.19786098599433899 -0.42048549652099609
vn -0.82180941104888916 0.374927818775177 -0.42902031540870667
vn -0.91474771499633789 0 -0.40402546525001526
vn -0.88397270441055298 0.19523592293262482 -0.42482370138168335
vn -0.88859903812408447 0.20180264115333557 -0.4119071364402771
vn -0.8266482949256897 0.38341039419174194 -0.41188481450080872
vn -0.91474771499633789 0 -0.40402546525001526
vn -0.88700586557388306 0.20004643499851227 -0.41617551445960999
vn 0.90231090784072876 0.20596304535865784 0.37870076298713684
vn 0.91474771499633789 0 0.40402546525001526
vn 0.90663731098175049 0.20194526016712189 0.37044155597686768
vn 0.85876303911209106 0.39055135846138 0.33165597915649414
vn 0.90444082021713257 0.20417295396327972 0.37456667423248291
vn 0.91474771499633789 0 0.40402546525001526
vn 0.86838346719741821 0.38194972276687622 0.31626659631729126
vn 0.90889376401901245 0.19926932454109192 0.36633846163749695
vn -0.89191412925720215 0.20408040285110474 -0.40353488922119141
vn -0.83219093084335327 0.38884437084197998 -0.39529520273208618
vn -0.91474771499633789 0 -0.40402546525001526
vn -0.89023756980895996 0.20314317941665649 -0.40768852829933167
vn -0.89535677433013916 0.20480942726135254 -0.39546087384223938
vn -0.83835119009017944 0.39144614338874817 -0.37939062714576721
vn -0.91474771499633789 0 -0.40402546525001526
vn -0.89362257719039917 0.20463013648986816 -0.39945614337921143
vn 0.89454072713851929 0.20902770757675171 0.39510041475296021
vn 0.91474771499633789 0 0.40402546525001526
vn 0.89826720952987671 0.20828467607498169 0.38695409893989563
vn 0.84229171276092529 0.39869743585586548 0.36274644732475281
vn 0.89636307954788208 0.20884497463703156 0.39104604721069336
vn 0.91474771499633789 0 0.40402546525001526
vn 0.85005110502243042 0.39606022834777832 0.34720224142074585
vn 0.90025091171264648 0.2073294073343277 0.38283523917198181
vn -0.89897441864013672 0.20409268140792847 -0.38754510879516602
vn -0.84505373239517212 0.39145135879516602 -0.36421149969100952
vn -0.91474771499633789 0 -0.40402546525001526
vn -0.89712673425674438 0.20463313162326813 -0.39152133464813232
vn -0.90289348363876343 0.2018539160490036 -0.37952384352684021
vn -0.85258972644805908 0.38889384269714355 -0.34907358884811401
vn -0.91474771499633789 0 -0.40402546525001526
vn -0.90089768171310425 0.20317141711711884 -0.38354232907295227
vn 0.8877069354057312 0.20601530373096466 0.41174513101577759
vn 0.91474771499633789 0 0.40402546525001526
vn 0.89105790853500366 0.20829719305038452 0.40327173471450806
vn 0.82924568653106689 0.39611035585403442 0.39426913857460022
vn 0.88936293125152588 0.20735819637775421 0.40747538208961487
vn 0.91474771499633789 0 0.40402546525001526
vn 0.83546203374862671 0.39870274066925049 0.37820541858673096
vn 0.89278590679168701 0.20884802937507629 0.39914390444755554
vn -0.90699291229248047 0.1980767697095871 -0.37165766954421997
vn -0.86094218492507935 0.38362330198287964 -0.33408337831497192
vn -0.91474771499633789 0 -0.40402546525001526
vn -0.90491282939910889 0.20016752183437347 -0.37558713555335999
vn -0.91131114959716797 0.19264547526836395 -0.36386775970458984
vn -0.87004297971725464 0.37552201747894287 -0.31938755512237549
vn -0.91474771499633789 0 -0.40402546525001526
vn -0.90912795066833496 0.19557197391986847 -0.36774718761444092
vn 0.88170689344406128 0.19662854075431824 0.42887073755264282
vn 0.91474771499633789 0 0.40402546525001526
vn 0.88460099697113037 0.20216523110866547 0.4202502965927124
vn 0.81892204284667969 0.38255232572555542 0.42780882120132446
vn 0.8831251859664917 0.19961188733577728 0.42455270886421204
vn 0.91474771499633789 0 0.40402546525001526
vn 0.82371127605438232 0.39076721668243408 0.41085371375083923
vn 0.88612985610961914 0.20429639518260956 0.41597697138786316
vn -0.91581541299819946 0.1854635626077652 -0.35620981454849243
vn -0.8799247145652771 0.36434227228164673 -0.30493798851966858
vn -0.91474771499633789 0 -0.40402546525001526
vn -0.91354727745056152 0.18927191197872162 -0.36001041531562805
vn -0.92040741443634033 0.17654453217983246 -0.34882974624633789
vn -0.89046311378479004 0.34993264079093933 -0.29089969396591187
vn -0.91474771499633789 0 -0.40402546525001526
vn -0.91810566186904907 0.18122021853923798 -0.35247865319252014
vn 0.87665462493896484 0.18021194636821747 0.44609454274177551
vn 0.91474771499633789 0 0.40402546525001526
vn 0.87904417514801025 0.18930642306804657 0.43754366040229797
vn 0.81157660484313965 0.35658875107765198 0.46280437707901001
vn 0.87781405448913574 0.18497979640960693 0.44184267520904541
vn 0.91474771499633789 0 0.40402546525001526
vn 0.81486433744430542 0.3712119460105896 0.44519415497779846
vn 0.88034272193908691 0.19318923354148865 0.43321427702903748
vn -0.92530351877212524 0.16515327990055084 -0.34137639403343201
vn -0.9018217921257019 0.33160817623138428 -0.27704411745071411
vn -0.91474771499633789 0 -0.40402546525001526
vn -0.922862708568573 0.17108632624149323 -0.34504181146621704
vn -0.93008029460906982 0.15192539989948273 -0.33446863293647766
vn -0.91377878189086914 0.30904731154441833 -0.26362484693527222
vn -0.91474771499633789 0 -0.40402546525001526
vn -0.92771452665328979 0.15876007080078125 -0.33784756064414978
vn 0.87252295017242432 0.15510161221027374 0.46330031752586365
vn 0.91474771499633789 0 0.40402546525001526
vn 0.87442302703857422 0.16859464347362518 0.45492881536483765
vn 0.80717307329177856 0.31506034731864929 0.49920797348022461
vn 0.87343186140060425 0.16207362711429596 0.45918291807174683
vn 0.91474771499633789 0 0.40402546525001526
vn 0.80900019407272339 0.33798268437385559 0.4809224009513855
vn 0.87549728155136108 0.17464570701122284 0.45055893063545227
vn -0.92097419500350952 -0.17532847821712494 -0.34794604778289795
vn -0.90295374393463135 -0.32962045073509216 -0.2757260799407959
vn -0.92566704750061035 -0.16422419250011444 -0.34083858132362366
vn -0.91474771499633789 0 -0.40402546525001526
vn -0.92332863807678223 -0.16999384760856628 -0.34433463215827942
vn 0.87638038396835327 -0.17897188663482666 0.44713139533996582
vn 0.91474771499633789 0 0.40402546525001526
vn 0.87426924705505371 -0.16764703392982483 0.4555741548538208
vn 0.80879110097885132 -0.33596375584602356 0.48268556594848633
vn 0.8752865195274353 -0.17353153228759766 0.45139816403388977
vn 0.91474771499633789 0 0.40402546525001526
vn 0.8724631667137146 -0.15460403263568878 0.46357908844947815
vn 0.80709594488143921 -0.31369885802268982 0.50018912553787231
vn 0.87332838773727417 -0.16133213043212891 0.45964062213897705
vn -0.91626888513565063 -0.1846553236246109 -0.35546275973320007
vn -0.89166605472564697 -0.34812948107719421 -0.28937432169914246
vn -0.91474771499633789 0 -0.40402546525001526
vn -0.91861683130264282 -0.1802179217338562 -0.3516598641872406
vn -0.91164684295654297 -0.1921631395816803 -0.36328130960464478
vn -0.88082355260848999 -0.3632112443447113 -0.30368974804878235
vn -0.91474771499633789 0 -0.40402546525001526
vn -0.91394197940826416 -0.18863716721534729 -0.35934117436408997
vn 0.88149654865264893 -0.19613683223724365 0.42952784895896912
vn 0.91474771499633789 0 0.40402546525001526
vn 0.87879431247711182 -0.18848232924938202 0.4384005069732666
vn 0.81454533338546753 -0.37006440758705139 0.44673064351081848
vn 0.88011074066162109 -0.19254210591316223 0.4339730441570282
vn 0.91474771499633789 0 0.40402546525001526
vn 0.81125974655151367 -0.35475838184356689 0.46476238965988159
vn 0.87755012512207031 -0.1839577704668045 0.44279265403747559
vn -0.90718966722488403 -0.19786098599433899 -0.37129229307174683
vn -0.87062650918960571 -0.374927818775177 -0.31849423050880432
vn -0.91474771499633789 0 -0.40402546525001526
vn -0.90939319133758545 -0.19523592293262482 -0.36726954579353333
vn -0.90296173095703125 -0.20180264115333557 -0.37938877940177917
vn -0.86121970415115356 -0.38341039419174194 -0.33361214399337769
vn -0.91474771499633789 0 -0.40402546525001526
vn -0.90504366159439087 -0.20004643499851227 -0.37533631920814514
vn 0.88765209913253784 -0.20596304535865784 0.41188949346542358
vn 0.91474771499633789 0 0.40402546525001526
vn 0.8844611644744873 -0.20194526016712189 0.4206501841545105
vn 0.82354772090911865 -0.39055135846138 0.41138646006584167
vn 0.88603091239929199 -0.20417295396327972 0.41624826192855835
vn 0.91474771499633789 0 0.40402546525001526
vn 0.81865209341049194 -0.38194972276687622 0.42886269092559814
vn 0.88294810056686401 -0.19926932454109192 0.42508164048194885
vn -0.89900606870651245 -0.20408040285110474 -0.38747811317443848
vn -0.85269039869308472 -0.38884437084197998 -0.34888261556625366
vn -0.91474771499633789 0 -0.40402546525001526
vn -0.90094709396362305 -0.20314317941665649 -0.38344129920005798
vn -0.89535677433013916 -0.20480942726135254 -0.39546087384223938
vn -0.84508341550827026 -0.39144614338874817 -0.36414819955825806
vn -0.91474771499633789 0 -0.40402546525001526
vn -0.89714187383651733 -0.20463013648986816 -0.39148810505867004
vn 0.89454072713851929 -0.20902770757675171 0.39510041475296021
vn 0.91474771499633789 0 0.40402546525001526
vn 0.89102917909622192 -0.20828467607498169 0.40334171056747437
vn 0.83543473482131958 -0.39869743585586548 0.37827122211456299
vn 0.89277124404907227 -0.20884497463703156 0.39917820692062378
vn 0.91474771499633789 0 0.40402546525001526
vn 0.82917124032974243 -0.39606022834777832 0.39447608590126038
vn 0.8893207311630249 -0.2073294073343277 0.40758213400840759
vn -0.89194232225418091 -0.20409268140792847 -0.40346637368202209
vn -0.83837795257568359 -0.39145135879516602 -0.37932604551315308
vn -0.91474771499633789 0 -0.40402546525001526
vn -0.89363688230514526 -0.20463313162326813 -0.39942252635955811
vn -0.88865292072296143 -0.2018539160490036 -0.41176575422286987
vn -0.832264244556427 -0.38889384269714355 -0.39509209990501404
vn -0.91474771499633789 0 -0.40402546525001526
vn -0.89027899503707886 -0.20317141711711884 -0.40758398175239563
vn 0.90224111080169678 -0.20601530373096466 0.37883850932121277
vn 0.91474771499633789 0 0.40402546525001526
vn 0.89823484420776367 -0.20829719305038452 0.387022465467453
vn 0.84994828701019287 -0.39611035585403442 0.34739667177200317
vn 0.90020042657852173 -0.20735819637775421 0.38293832540512085
vn 0.91474771499633789 0 0.40402546525001526
vn 0.84226143360137939 -0.39870274066925049 0.36281090974807739
vn 0.89634758234024048 -0.20884802937507629 0.39107996225357056
vn -0.88559961318969727 -0.1980767697095871 -0.42009398341178894
vn -0.82680970430374146 -0.38362330198287964 -0.41136229038238525
vn -0.91474771499633789 0 -0.40402546525001526
vn -0.88710314035415649 -0.20016752183437347 -0.41590985655784607
vn -0.88274997472763062 -0.19264547526836395 -0.42853257060050964
vn -0.82207667827606201 -0.37552201747894287 -0.42798727750778198
vn -0.91474771499633789 0 -0.40402546525001526
vn -0.88414710760116577 -0.19557197391986847 -0.42430591583251953
vn 0.91085857152938843 -0.19662854075431824 0.36286896467208862
vn 0.91474771499633789 0 0.40402546525001526
vn 0.90643590688705444 -0.20216523110866547 0.37081423401832581
vn 0.86778634786605835 -0.38255232572555542 0.31717595458030701
vn 0.90862208604812622 -0.19961188733577728 0.36682561039924622
vn 0.91474771499633789 0 0.40402546525001526
vn 0.85847938060760498 -0.39076721668243408 0.33213567733764648
vn 0.90430694818496704 -0.20429639518260956 0.37482252717018127
vn -0.88012325763702393 -0.1854635626077652 -0.43701976537704468
vn -0.81805175542831421 -0.36434227228164673 -0.44502368569374084
vn -0.91474771499633789 0 -0.40402546525001526
vn -0.88140493631362915 -0.18927191197872162 -0.43278345465660095
vn -0.87776106595993042 -0.17654453217983246 -0.44538471102714539
vn -0.81477302312850952 -0.34993264079093933 -0.4622684121131897
vn -0.91474771499633789 0 -0.40402546525001526
vn -0.87890791893005371 -0.18122021853923798 -0.44122567772865295
vn 0.92018687725067139 -0.18021194636821747 0.34753379225730896
vn 0.91474771499633789 0 0.40402546525001526
vn 0.91547584533691406 -0.18930642306804657 0.35505929589271545
vn 0.88870638608932495 -0.35658875107765198 0.288176029920578
vn 0.91782498359680176 -0.18497979640960693 0.35125455260276794
vn 0.91474771499633789 0 0.40402546525001526
vn 0.87790393829345703 -0.3712119460105896 0.30246713757514954
vn 0.91315031051635742 -0.19318923354148865 0.35893508791923523
vn -0.87554943561553955 -0.16515327990055084 -0.45402371883392334
vn -0.81218189001083374 -0.33160817623138428 -0.4799964427947998
vn -0.91474771499633789 0 -0.40402546525001526
vn -0.87661486864089966 -0.17108632624149323 -0.44975084066390991
vn -0.87366080284118652 -0.15192539989948273 -0.46220710873603821
vn -0.81031620502471924 -0.30904731154441833 -0.49787285923957825
vn -0.91474771499633789 0 -0.40402546525001526
vn -0.8745650053024292 -0.15876007080078125 -0.45818263292312622
vn 0.93012195825576782 -0.15510161221027374 0.33289128541946411
vn 0.91474771499633789 0 0.40402546525001526
vn 0.92521381378173828 -0.16859464347362518 0.33993417024612427
vn 0.91264867782592773 -0.31506034731864929 0.26040229201316833
vn 0.92769068479537964 -0.16207362711429596 0.33633628487586975
vn 0.91474771499633789 0 0.40402546525001526
vn 0.9003632664680481 -0.33798268437385559 0.274068683385849
vn 0.92270731925964355 -0.17464570701122284 0.34367147088050842
f 16/16/16 431/431/431 434/434/434 430/430/430
f 431/431/431 2/2/2 432/432/432 434/434/434
f 434/434/434 432/432/432 1/1/1
f 430/430/430 434/434/434 433/433/433
f 17/17/17 436/436/436 438/438/438 435/435/435
f 436/436/436 3/3/3 437/437/437 438/438/438
f 438/438/438 437/437/437 2/2/2 431/431/431
f 435/435/435 438/438/438 431/431/431 16/16/16
f 18/18/18 440/440/440 442/442/442 439/439/439
f 440/440/440 4/4/4 441/441/441 442/442/442
f 442/442/442 441/441/441 3/3/3 436/436/436
f 439/439/439 442/442/442 436/436/436 17/17/17
f 19/19/19 444/444/444 446/446/446 443/443/443
f 444/444/444 5/5/5 445/445/445 446/446/446
f 446/446/446 445/445/445 4/4/4 440/440/440
f 443/443/443 446/446/446 440/440/440 18/18/18
f 20/20/20 448/448/448 450/450/450 447/447/447
f 448/448/448 6/6/6 449/449/449 450/450/450
f 450/450/450 449/449/449 5/5/5 444/444/444
f 447/447/447 450/450/450 444/444/444 19/19/19
f 21/21/21 452/452/452 454/454/454 451/451/451
f 452/452/452 7/7/7 453/453/453 454/454/454
f 454/454/454 453/453/453 6/6/6 448/448/448
f 451/451/451 454/454/454 448/448/448 20/20/20
f 22/22/22 456/456/456 458/458/458 455/455/455
f 456/456/456 8/8/8 457/457/457 458/458/458
f 458/458/458 457/457/457 7/7/7 452/452/452
f 455/455/455 458/458/458 452/452/452 21/21/21
f 23/23/23 460/460/460 462/462/462 459/459/459
f 460/460/460 9/9/9 461/461/461 462/462/462
f 462/462/462 461/461/461 8/8/8 456/456/456
f 459/459/459 462/462/462 456/456/456 22/22/22
f 24/24/24 464/464/464 466/466/466 463/463/463
f 464/464/464 10/10/10 465/465/465 466/466/466
f 466/466/466 465/465/465 9/9/9 460/460/460
f 463/463/463 466/466/466 460/460/460 23/23/23
f 25/25/25 468/468/468 470/470/470 467/467/467
f 468/468/468 11/11/11 469/469/469 470/470/470
f 470/470/470 469/469/469 10/10/10 464/464/464
f 467/467/467 470/470/470 464/464/464 24/24/24
f 26/26/26 472/472/472 474/474/474 471/471/471
f 472/472/472 12/12/12 473/473/473 474/474/474
f 474/474/474 473/473/473 11/11/11 468/468/468
f 471/471/471 474/474/474 468/468/468 25/25/25
f 27/27/27 476/476/476 478/478/478 475/475/475
f 476/476/476 13/13/13 477/477/477 478/478/478
f 478/478/478 477/477/477 12/12/12 472/472/472
f 475/475/475 478/478/478 472/472/472 26/26/26
f 28/28/28 480/480/480 482/482/482 479/479/479
f 480/480/480 14/14/14 481/481/481 482/482/482
f 482/482/482 481/481/481 13/13/13 476/476/476
f 479/479/479 482/482/482 476/476/476 27/27/27
f 29/29/29 486/486/486 483/483/483
f 484/484/484 485/485/485 486/486/486
f 486/486/486 485/485/485 14/14/14 480/480/480
f 483/483/483 486/486/486 480/480/480 28/28/28
f 31/31/31 488/488/488 490/490/490 487/487/487
f 488/488/488 16/16/16 430/430/430 490/490/490
f 490/490/490 430/430/430 15/15/15
f 487/487/487 490/490/490 489/489/489
f 32/32/32 492/492/492 493/493/493 491/491/491
f 492/492/492 17/17/17 435/435/435 493/493/493
f 493/493/493 435/435/435 16/16/16 488/488/488
f 491/491/491 493/493/493 488/488/488 31/31/31
f 439/439/439 17/17/17 492/492/492
f 492/492/492 32/32/32 33/33/33
f 33/33/33 18/18/18 439/439/439
f 439/439/439 492/492/492 33/33/33
f 443/443/443 18/18/18 33/33/33
f 34/34/34 19/19/19 443/443/443
f 33/33/33 34/34/34 443/443/443
f 447/447/447 19/19/19 34/34/34
f 35/35/35 20/20/20 447/447/447
f 34/34/34 35/35/35 447/447/447
f 451/451/451 20/20/20 35/35/35
f 36/36/36 21/21/21 451/451/451
f 35/35/35 36/36/36 451/451/451
f 455/455/455 21/21/21 36/36/36
f 37/37/37 22/22/22 455/455/455
f 36/36/36 37/37/37 455/455/455
f 459/459/459 22/22/22 37/37/37
f 38/38/38 23/23/23 459/459/459
f 37/37/37 38/38/38 459/459/459
f 463/463/463 23/23/23 38/38/38
f 39/39/39 24/24/24 463/463/463
f 38/38/38 39/39/39 463/463/463
f 467/467/467 24/24/24 39/39/39
f 40/40/40 25/25/25 467/467/467
f 39/39/39 40/40/40 467/467/467
f 471/471/471 25/25/25 40/40/40
f 41/41/41 26/26/26 471/471/471
f 40/40/40 41/41/41 471/471/471
f 496/496/496 27/27/27 475/475/475
f 475/475/475 26/26/26 41/41/41
f 41/41/41 42/42/42 496/496/496
f 496/496/496 475/475/475 41/41/41
f 43/43/43 495/495/495 497/497/497 494/494/494
f 495/495/495 28/28/28 479/479/479 497/497/497
f 497/497/497 479/479/479 27/27/27 496/496/496
f 494/494/494 497/497/497 496/496/496 42/42/42
f 44/44/44 500/500/500 498/498/498
f 499/499/499 483/483/483 500/500/500
f 500/500/500 483/483/483 28/28/28 495/495/495
f 498/498/498 500/500/500 495/495/495 43/43/43
f 46/46/46 502/502/502 504/504/504 501/501/501
f 502/502/502 31/31/31 487/487/487 504/504/504
f 504/504/504 487/487/487 30/30/30
f 501/501/501 504/504/504 503/503/503
f 47/47/47 506/506/506 507/507/507 505/505/505
f 506/506/506 32/32/32 491/491/491 507/507/507
f 507/507/507 491/491/491 31/31/31 502/502/502
f 505/505/505 507/507/507 502/502/502 46/46/46
f 506/506/506 47/47/47 48/48/48
f 33/33/33 32/32/32 506/506/506
f 48/48/48 33/33/33 506/506/506
f 49/49/49 34/34/34 33/33/33 48/48/48
f 50/50/50 35/35/35 34/34/34 49/49/49
f 51/51/51 36/36/36 35/35/35 50/50/50
f 52/52/52 37/37/37 36/36/36 51/51/51
f 53/53/53 38/38/38 37/37/37 52/52/52
f 54/54/54 39/39/39 38/38/38 53/53/53
f 55/55/55 40/40/40 39/39/39 54/54/54
f 56/56/56 41/41/41 40/40/40 55/55/55
f 510/510/510 42/42/42 41/41/41
f 56/56/56 57/57/57 510/510/510
f 41/41/41 56/56/56 510/510/510
f 58/58/58 509/509/509 511/511/511 508/508/508
f 509/509/509 43/43/43 494/494/494 511/511/511
f 511/511/511 494/494/494 42/42/42 510/510/510
f 508/508/508 511/511/511 510/510/510 57/57/57
f 514/514/514 512/512/512 1041/1041/1041
f 513/513/513 514/514/514 1041/1041/1041
f 513/513/513 498/498/498 514/514/514
f 514/514/514 498/498/498 43/43/43 509/509/509
f 512/512/512 514/514/514 509/509/509 58/58/58
f 1031/1031/1031 515/515/515 60/60/60
f 516/516/516 518/518/518 1031/1031/1031
f 60/60/60 516/516/516 1031/1031/1031
f 516/516/516 46/46/46 501/501/501 518/518/518
f 1032/1032/1032 518/518/518 501/501/501
f 501/501/501 45/45/45 1032/1032/1032
f 515/515/515 1031/1031/1031 1034/1034/1034 1030/1030/1030
f 1031/1031/1031 518/518/518 1032/1032/1032 1034/1034/1034
f 1034/1034/1034 1032/1032/1032 517/517/517
f 1030/1030/1030 1034/1034/1034 1033/1033/1033
f 61/61/61 520/520/520 521/521/521 519/519/519
f 520/520/520 47/47/47 505/505/505 521/521/521
f 521/521/521 505/505/505 46/46/46 516/516/516
f 519/519/519 521/521/521 516/516/516 60/60/60
f 520/520/520 61/61/61 62/62/62
f 48/48/48 47/47/47 520/520/520
f 62/62/62 48/48/48 520/520/520
f 63/63/63 49/49/49 48/48/48 62/62/62
f 64/64/64 50/50/50 49/49/49 63/63/63
f 65/65/65 51/51/51 50/50/50 64/64/64
f 66/66/66 52/52/52 51/51/51 65/65/65
f 67/67/67 53/53/53 52/52/52 66/66/66
f 68/68/68 54/54/54 53/53/53 67/67/67
f 69/69/69 55/55/55 54/54/54 68/68/68
f 70/70/70 56/56/56 55/55/55 69/69/69
f 524/524/524 57/57/57 56/56/56
f 70/70/70 71/71/71 524/524/524
f 56/56/56 70/70/70 524/524/524
f 72/72/72 523/523/523 525/525/525 522/522/522
f 523/523/523 58/58/58 508/508/508 525/525/525
f 525/525/525 508/508/508 57/57/57 524/524/524
f 522/522/522 525/525/525 524/524/524 71/71/71
f 73/73/73 1039/1039/1039 1035/1035/1035
f 1036/1036/1036 1037/1037/1037 1039/1039/1039
f 1039/1039/1039 1037/1037/1037 528/528/528 1038/1038/1038
f 1035/1035/1035 1039/1039/1039 1038/1038/1038 526/526/526
f 527/527/527 1043/1043/1043 1037/1037/1037
f 1040/1040/1040 1041/1041/1041 1043/1043/1043
f 1043/1043/1043 1041/1041/1041 512/512/512 1042/1042/1042
f 1037/1037/1037 1043/1043/1043 1042/1042/1042 528/528/528
f 1042/1042/1042 512/512/512 58/58/58
f 523/523/523 528/528/528 1042/1042/1042
f 58/58/58 523/523/523 1042/1042/1042
f 1038/1038/1038 528/528/528 523/523/523
f 72/72/72 526/526/526 1038/1038/1038
f 523/523/523 72/72/72 1038/1038/1038
f 1049/1049/1049 529/529/529 75/75/75
f 530/530/530 532/532/532 1049/1049/1049
f 75/75/75 530/530/530 1049/1049/1049
f 1045/1045/1045 532/532/532 530/530/530
f 60/60/60 515/515/515 1045/1045/1045
f 530/530/530 60/60/60 1045/1045/1045
f 532/532/532 1045/1045/1045 1047/1047/1047 1044/1044/1044
f 1045/1045/1045 515/515/515 1030/1030/1030 1047/1047/1047
f 1047/1047/1047 1030/1030/1030 59/59/59
f 1044/1044/1044 1047/1047/1047 1046/1046/1046
f 529/529/529 1049/1049/1049 1051/1051/1051 1048/1048/1048
f 1049/1049/1049 532/532/532 1044/1044/1044 1051/1051/1051
f 1051/1051/1051 1044/1044/1044 531/531/531
f 1048/1048/1048 1051/1051/1051 1050/1050/1050
f 76/76/76 534/534/534 535/535/535 533/533/533
f 534/534/534 61/61/61 519/519/519 535/535/535
f 535/535/535 519/519/519 60/60/60 530/530/530
f 533/533/533 535/535/535 530/530/530 75/75/75
f 534/534/534 76/76/76 77/77/77
f 62/62/62 61/61/61 534/534/534
f 77/77/77 62/62/62 534/534/534
f 78/78/78 63/63/63 62/62/62 77/77/77
f 79/79/79 64/64/64 63/63/63 78/78/78
f 80/80/80 65/65/65 64/64/64 79/79/79
f 81/81/81 66/66/66 65/65/65 80/80/80
f 82/82/82 67/67/67 66/66/66 81/81/81
f 83/83/83 68/68/68 67/67/67 82/82/82
f 84/84/84 69/69/69 68/68/68 83/83/83
f 85/85/85 70/70/70 69/69/69 84/84/84
f 538/538/538 71/71/71 70/70/70
f 85/85/85 86/86/86 538/538/538
f 70/70/70 85/85/85 538/538/538
f 87/87/87 537/537/537 539/539/539 536/536/536
f 537/537/537 72/72/72 522/522/522 539/539/539
f 539/539/539 522/522/522 71/71/71 538/538/538
f 536/536/536 539/539/539 538/538/538 86/86/86
f 88/88/88 1056/1056/1056 1052/1052/1052
f 1053/1053/1053 1054/1054/1054 1056/1056/1056
f 1056/1056/1056 1054/1054/1054 542/542/542 1055/1055/1055
f 1052/1052/1052 1056/1056/1056 1055/1055/1055 540/540/540
f 541/541/541 1059/1059/1059 1054/1054/1054
f 1057/1057/1057 1035/1035/1035 1059/1059/1059
f 1059/1059/1059 1035/1035/1035 526/526/526 1058/1058/1058
f 1054/1054/1054 1059/1059/1059 1058/1058/1058 542/542/542
f 1058/1058/1058 526/526/526 72/72/72
f 537/537/537 542/542/542 1058/1058/1058
f 72/72/72 537/537/537 1058/1058/1058
f 1055/1055/1055 542/542/542 537/537/537
f 87/87/87 540/540/540 1055/1055/1055
f 537/537/537 87/87/87 1055/1055/1055
f 1065/1065/1065 543/543/543 90/90/90
f 544/544/544 546/546/546 1065/1065/1065
f 90/90/90 544/544/544 1065/1065/1065
f 1061/1061/1061 546/546/546 544/544/544
f 75/75/75 529/529/529 1061/1061/1061
f 544/544/544 75/75/75 1061/1061/1061
f 546/546/546 1061/1061/1061 1063/1063/1063 1060/1060/1060
f 1061/1061/1061 529/529/529 1048/1048/1048 1063/1063/1063
f 1063/1063/1063 1048/1048/1048 74/74/74
f 1060/1060/1060 1063/1063/1063 1062/1062/1062
f 543/543/543 1065/1065/1065 1067/1067/1067 1064/1064/1064
f 1065/1065/1065 546/546/546 1060/1060/1060 1067/1067/1067
f 1067/1067/1067 1060/1060/1060 545/545/545
f 1064/1064/1064 1067/1067/1067 1066/1066/1066
f 91/91/91 548/548/548 549/549/549 547/547/547
f 548/548/548 76/76/76 533/533/533 549/549/549
f 549/549/549 533/533/533 75/75/75 544/544/544
f 547/547/547 549/549/549 544/544/544 90/90/90
f 548/548/548 91/91/91 92/92/92
f 77/77/77 76/76/76 548/548/548
f 92/92/92 77/77/77 548/548/548
f 93/93/93 78/78/78 77/77/77 92/92/92
f 94/94/94 79/79/79 78/78/78 93/93/93
f 95/95/95 80/80/80 79/79/79 94/94/94
f 96/96/96 81/81/81 80/80/80 95/95/95
f 97/97/97 82/82/82 81/81/81 96/96/96
f 98/98/98 83/83/83 82/82/82 97/97/97
f 99/99/99 84/84/84 83/83/83 98/98/98
f 100/100/100 85/85/85 84/84/84 99/99/99
f 552/552/552 86/86/86 85/85/85
f 100/100/100 101/101/101 552/552/552
f 85/85/85 100/100/100 552/552/552
f 102/102/102 551/551/551 553/553/553 550/550/550
f 551/551/551 87/87/87 536/536/536 553/553/553
f 553/553/553 536/536/536 86/86/86 552/552/552
f 550/550/550 553/553/553 552/552/552 101/101/101
f 103/103/103 1072/1072/1072 1068/1068/1068
f 1069/1069/1069 1070/1070/1070 1072/1072/1072
f 1072/1072/1072 1070/1070/1070 556/556/556 1071/1071/1071
f 1068/1068/1068 1072/1072/1072 1071/1071/1071 554/554/554
f 555/555/555 1075/1075/1075 1070/1070/1070
f 1073/1073/1073 1052/1052/1052 1075/1075/1075
f 1075/1075/1075 1052/1052/1052 540/540/540 1074/1074/1074
f 1070/1070/1070 1075/1075/1075 1074/1074/1074 556/556/556
f 1074/1074/1074 540/540/540 87/87/87
f 551/551/551 556/556/556 1074/1074/1074
f 87/87/87 551/551/551 1074/1074/1074
f 1071/1071/1071 556/556/556 551/551/551
f 102/102/102 554/554/554 1071/1071/1071
f 551/551/551 102/102/102 1071/1071/1071
f 1081/1081/1081 557/557/557 105/105/105
f 558/558/558 560/560/560 1081/1081/1081
f 105/105/105 558/558/558 1081/1081/1081
f 1077/1077/1077 560/560/560 558/558/558
f 90/90/90 543/543/543 1077/1077/1077
f 558/558/558 90/90/90 1077/1077/1077
f 560/560/560 1077/1077/1077 1079/1079/1079 1076/1076/1076
f 1077/1077/1077 543/543/543 1064/1064/1064 1079/1079/1079
f 1079/1079/1079 1064/1064/1064 89/89/89
f 1076/1076/1076 1079/1079/1079 1078/1078/1078
f 557/557/557 1081/1081/1081 1083/1083/1083 1080/1080/1080
f 1081/1081/1081 560/560/560 1076/1076/1076 1083/1083/1083
f 1083/1083/1083 1076/1076/1076 559/559/559
f 1080/1080/1080 1083/1083/1083 1082/1082/1082
f 106/106/106 562/562/562 563/563/563 561/561/561
f 562/562/562 91/91/91 547/547/547 563/563/563
f 563/563/563 547/547/547 90/90/90 558/558/558
f 561/561/561 563/563/563 558/558/558 105/105/105
f 562/562/562 106/106/106 107/107/107
f 92/92/92 91/91/91 562/562/562
f 107/107/107 92/92/92 562/562/562
f 108/108/108 93/93/93 92/92/92 107/107/107
f 109/109/109 94/94/94 93/93/93 108/108/108
f 110/110/110 95/95/95 94/94/94 109/109/109
f 111/111/111 96/96/96 95/95/95 110/110/110
f 112/112/112 97/97/97 96/96/96 111/111/111
f 113/113/113 98/98/98 97/97/97 112/112/112
f 114/114/114 99/99/99 98/98/98 113/113/113
f 115/115/115 100/100/100 99/99/99 114/114/114
f 566/566/566 101/101/101 100/100/100
f 115/115/115 116/116/116 566/566/566
f 100/100/100 115/115/115 566/566/566
f 117/117/117 565/565/565 567/567/567 564/564/564
f 565/565/565 102/102/102 550/550/550 567/567/567
f 567/567/567 550/550/550 101/101/101 566/566/566
f 564/564/564 567/567/567 566/566/566 116/116/116
f 118/118/118 1088/1088/1088 1084/1084/1084
f 1085/1085/1085 1086/1086/1086 1088/1088/1088
f 1088/1088/1088 1086/1086/1086 570/570/570 1087/1087/1087
f 1084/1084/1084 1088/1088/1088 1087/1087/1087 568/568/568
f 569/569/569 1091/1091/1091 1086/1086/1086
f 1089/1089/1089 1068/1068/1068 1091/1091/1091
f 1091/1091/1091 1068/1068/1068 554/554/554 1090/1090/1090
f 1086/1086/1086 1091/1091/1091 1090/1090/1090 570/570/570
f 1090/1090/1090 554/554/554 102/102/102
f 565/565/565 570/570/570 1090/1090/1090
f 102/102/102 565/565/565 1090/1090/1090
f 1087/1087/1087 570/570/570 565/565/565
f 117/117/117 568/568/568 1087/1087/1087
f 565/565/565 117/117/117 1087/1087/1087
f 1097/1097/1097 571/571/571 120/120/120
f 572/572/572 574/574/574 1097/1097/1097
f 120/120/120 572/572/572 1097/1097/1097
f 1093/1093/1093 574/574/574 572/572/572
f 105/105/105 557/557/557 1093/1093/1093
f 572/572/572 105/105/105 1093/1093/1093
f 574/574/574 1093/1093/1093 1095/1095/1095 1092/1092/1092
f 1093/1093/1093 557/557/557 1080/1080/1080 1095/1095/1095
f 1095/1095/1095 1080/1080/1080 104/104/104
f 1092/1092/1092 1095/1095/1095 1094/1094/1094
f 571/571/571 1097/1097/1097 1099/1099/1099 1096/1096/1096
f 1097/1097/1097 574/574/574 1092/1092/1092 1099/1099/1099
f 1099/1099/1099 1092/1092/1092 573/573/573
f 1096/1096/1096 1099/1099/1099 1098/1098/1098
f 121/121/121 576/576/576 577/577/577 575/575/575
f 576/576/576 106/106/106 561/561/561 577/577/577
f 577/577/577 561/561/561 105/105/105 572/572/572
f 575/575/575 577/577/577 572/572/572 120/120/120
f 576/576/576 121/121/121 122/122/122
f 107/107/107 106/106/106 576/576/576
f 122/122/122 107/107/107 576/576/576
f 123/123/123 108/108/108 107/107/107 122/122/122
f 124/124/124 109/109/109 108/108/108 123/123/123
f 125/125/125 110/110/110 109/109/109 124/124/124
f 126/126/126 111/111/111 110/110/110 125/125/125
f 127/127/127 112/112/112 111/111/111 126/126/126
f 128/128/128 113/113/113 112/112/112 127/127/127
f 129/129/129 114/114/114 113/113/113 128/128/128
f 130/130/130 115/115/115 114/114/114 129/129/129
f 580/580/580 116/116/116 115/115/115
f 130/130/130 131/131/131 580/580/580
f 115/115/115 130/130/130 580/580/580
f 132/132/132 579/579/579 581/581/581 578/578/578
f 579/579/579 117/117/117 564/564/564 581/581/581
f 581/581/581 564/564/564 116/116/116 580/580/580
f 578/578/578 581/581/581 580/580/580 131/131/131
f 133/133/133 1104/1104/1104 1100/1100/1100
f 1101/1101/1101 1102/1102/1102 1104/1104/1104
f 1104/1104/1104 1102/1102/1102 584/584/584 1103/1103/1103
f 1100/1100/1100 1104/1104/1104 1103/1103/1103 582/582/582
f 583/583/583 1107/1107/1107 1102/1102/1102
f 1105/1105/1105 1084/1084/1084 1107/1107/1107
f 1107/1107/1107 1084/1084/1084 568/568/568 1106/1106/1106
f 1102/1102/1102 1107/1107/1107 1106/1106/1106 584/584/584
f 1106/1106/1106 568/568/568 117/117/117
f 579/579/579 584/584/584 1106/1106/1106
f 117/117/117 579/579/579 1106/1106/1106
f 1103/1103/1103 584/584/584 579/579/579
f 132/132/132 582/582/582 1103/1103/1103
f 579/579/579 132/132/132 1103/1103/1103
f 1113/1113/1113 585/585/585 135/135/135
f 586/586/586 588/588/588 1113/1113/1113
f 135/135/135 586/586/586 1113/1113/1113
f 1109/1109/1109 588/588/588 586/586/586
f 120/120/120 571/571/571 1109/1109/1109
f 586/586/586 120/120/120 1109/1109/1109
f 588/588/588 1109/1109/1109 1111/1111/1111 1108/1108/1108
f 1109/1109/1109 571/571/571 1096/1096/1096 1111/1111/1111
f 1111/1111/1111 1096/1096/1096 119/119/119
f 1108/1108/1108 1111/1111/1111 1110/1110/1110
f 585/585/585 1113/1113/1113 1115/1115/1115 1112/1112/1112
f 1113/1113/1113 588/588/588 1108/1108/1108 1115/1115/1115
f 1115/1115/1115 1108/1108/1108 587/587/587
f 1112/1112/1112 1115/1115/1115 1114/1114/1114
f 136/136/136 590/590/590 591/591/591 589/589/589
f 590/590/590 121/121/121 575/575/575 591/591/591
f 591/591/591 575/575/575 120/120/120 586/586/586
f 589/589/589 591/591/591 586/586/586 135/135/135
f 590/590/590 136/136/136 137/137/137
f 122/122/122 121/121/121 590/590/590
f 137/137/137 122/122/122 590/590/590
f 138/138/138 123/123/123 122/122/122 137/137/137
f 139/139/139 124/124/124 123/123/123 138/138/138
f 140/140/140 125/125/125 124/124/124 139/139/139
f 141/141/141 126/126/126 125/125/125 140/140/140
f 142/142/142 127/127/127 126/126/126 141/141/141
f 143/143/143 128/128/128 127/127/127 142/142/142
f 144/144/144 129/129/129 128/128/128 143/143/143
f 145/145/145 130/130/130 129/129/129 144/144/144
f 594/594/594 131/131/131 130/130/130
f 145/145/145 146/146/146 594/594/594
f 130/130/130 145/145/145 594/594/594
f 147/147/147 593/593/593 595/595/595 592/592/592
f 593/593/593 132/132/132 578/578/578 595/595/595
f 595/595/595 578/578/578 131/131/131 594/594/594
f 592/592/592 595/595/595 594/594/594 146/146/146
f 148/148/148 1120/1120/1120 1116/1116/1116
f 1117/1117/1117 1118/1118/1118 1120/1120/1120
f 1120/1120/1120 1118/1118/1118 598/598/598 1119/1119/1119
f 1116/1116/1116 1120/1120/1120 1119/1119/1119 596/596/596
f 597/597/597 1123/1123/1123 1118/1118/1118
f 1121/1121/1121 1100/1100/1100 1123/1123/1123
f 1123/1123/1123 1100/1100/1100 582/582/582 1122/1122/1122
f 1118/1118/1118 1123/1123/1123 1122/1122/1122 598/598/598
f 1122/1122/1122 582/582/582 132/132/132
f 593/593/593 598/598/598 1122/1122/1122
f 132/132/132 593/593/593 1122/1122/1122
f 1119/1119/1119 598/598/598 593/593/593
f 147/147/147 596/596/596 1119/1119/1119
f 593/593/593 147/147/147 1119/1119/1119
f 1129/1129/1129 599/599/599 150/150/150
f 600/600/600 602/602/602 1129/1129/1129
f 150/150/150 600/600/600 1129/1129/1129
f 1125/1125/1125 602/602/602 600/600/600
f 135/135/135 585/585/585 1125/1125/1125
f 600/600/600 135/135/135 1125/1125/1125
f 602/602/602 1125/1125/1125 1127/1127/1127 1124/1124/1124
f 1125/1125/1125 585/585/585 1112/1112/1112 1127/1127/1127
f 1127/1127/1127 1112/1112/1112 134/134/134
f 1124/1124/1124 1127/1127/1127 1126/1126/1126
f 599/599/599 1129/1129/1129 1131/1131/1131 1128/1128/1128
f 1129/1129/1129 602/602/602 1124/1124/1124 1131/1131/1131
f 1131/1131/1131 1124/1124/1124 601/601/601
f 1128/1128/1128 1131/1131/1131 1130/1130/1130
f 151/151/151 604/604/604 605/605/605 603/603/603
f 604/604/604 136/136/136 589/589/589 605/605/605
f 605/605/605 589/589/589 135/135/135 600/600/600
f 603/603/603 605/605/605 600/600/600 150/150/150
f 604/604/604 151/151/151 152/152/152
f 137/137/137 136/136/136 604/604/604
f 152/152/152 137/137/137 604/604/604
f 153/153/153 138/138/138 137/137/137 152/152/152
f 154/154/154 139/139/139 138/138/138 153/153/153
f 155/155/155 140/140/140 139/139/139 154/154/154
f 156/156/156 141/141/141 140/140/140 155/155/155
f 157/157/157 142/142/142 141/141/141 156/156/156
f 158/158/158 143/143/143 142/142/142 157/157/157
f 159/159/159 144/144/144 143/143/143 158/158/158
f 160/160/160 145/145/145 144/144/144 159/159/159
f 608/608/608 146/146/146 145/145/145
f 160/160/160 161/161/161 608/608/608
f 145/145/145 160/160/160 608/608/608
f 162/162/162 607/607/607 609/609/609 606/606/606
f 607/607/607 147/147/147 592/592/592 609/609/609
f 609/609/609 592/592/592 146/146/146 608/608/608
f 606/606/606 609/609/609 608/608/608 161/161/161
f 163/163/163 1136/1136/1136 1132/1132/1132
f 1133/1133/1133 1134/1134/1134 1136/1136/1136
f 1136/1136/1136 1134/1134/1134 612/612/612 1135/1135/1135
f 1132/1132/1132 1136/1136/1136 1135/1135/1135 610/610/610
f 611/611/611 1139/1139/1139 1134/1134/1134
f 1137/1137/1137 1116/1116/1116 1139/1139/1139
f 1139/1139/1139 1116/1116/1116 596/596/596 1138/1138/1138
f 1134/1134/1134 1139/1139/1139 1138/1138/1138 612/612/612
f 1138/1138/1138 596/596/596 147/147/147
f 607/607/607 612/612/612 1138/1138/1138
f 147/147/147 607/607/607 1138/1138/1138
f 1135/1135/1135 612/612/612 607/607/607
f 162/162/162 610/610/610 1135/1135/1135
f 607/607/607 162/162/162 1135/1135/1135
f 1145/1145/1145 613/613/613 164/164/164
f 614/614/614 616/616/616 1145/1145/1145
f 164/164/164 614/614/614 1145/1145/1145
f 1141/1141/1141 616/616/616 614/614/614
f 150/150/150 599/599/599 1141/1141/1141
f 614/614/614 150/150/150 1141/1141/1141
f 616/616/616 1141/1141/1141 1143/1143/1143 1140/1140/1140
f 1141/1141/1141 599/599/599 1128/1128/1128 1143/1143/1143
f 1143/1143/1143 1128/1128/1128 149/149/149
f 1140/1140/1140 1143/1143/1143 1142/1142/1142
f 613/613/613 1145/1145/1145 1147/1147/1147 1144/1144/1144
f 1145/1145/1145 616/616/616 1140/1140/1140 1147/1147/1147
f 1147/1147/1147 1140/1140/1140 615/615/615
f 1144/1144/1144 1147/1147/1147 1146/1146/1146
f 165/165/165 618/618/618 619/619/619 617/617/617
f 618/618/618 151/151/151 603/603/603 619/619/619
f 619/619/619 603/603/603 150/150/150 614/614/614
f 617/617/617 619/619/619 614/614/614 164/164/164
f 618/618/618 165/165/165 166/166/166
f 152/152/152 151/151/151 618/618/618
f 166/166/166 152/152/152 618/618/618
f 167/167/167 153/153/153 152/152/152 166/166/166
f 168/168/168 154/154/154 153/153/153 167/167/167
f 169/169/169 155/155/155 154/154/154 168/168/168
f 170/170/170 156/156/156 155/155/155 169/169/169
f 171/171/171 157/157/157 156/156/156 170/170/170
f 172/172/172 158/158/158 157/157/157 171/171/171
f 173/173/173 159/159/159 158/158/158 172/172/172
f 174/174/174 160/160/160 159/159/159 173/173/173
f 622/622/622 161/161/161 160/160/160
f 174/174/174 175/175/175 622/622/622
f 160/160/160 174/174/174 622/622/622
f 176/176/176 621/621/621 623/623/623 620/620/620
f 621/621/621 162/162/162 606/606/606 623/623/623
f 623/623/623 606/606/606 161/161/161 622/622/622
f 620/620/620 623/623/623 622/622/622 175/175/175
f 177/177/177 1152/1152/1152 1148/1148/1148
f 1149/1149/1149 1150/1150/1150 1152/1152/1152
f 1152/1152/1152 1150/1150/1150 626/626/626 1151/1151/1151
f 1148/1148/1148 1152/1152/1152 1151/1151/1151 624/624/624
f 625/625/625 1155/1155/1155 1150/1150/1150
f 1153/1153/1153 1132/1132/1132 1155/1155/1155
f 1155/1155/1155 1132/1132/1132 610/610/610 1154/1154/1154
f 1150/1150/1150 1155/1155/1155 1154/1154/1154 626/626/626
f 1154/1154/1154 610/610/610 162/162/162
f 621/621/621 626/626/626 1154/1154/1154
f 162/162/162 621/621/621 1154/1154/1154
f 1151/1151/1151 626/626/626 621/621/621
f 176/176/176 624/624/624 1151/1151/1151
f 621/621/621 176/176/176 1151/1151/1151
f 179/179/179 628/628/628 630/630/630 627/627/627
f 628/628/628 164/164/164 613/613/613 630/630/630
f 630/630/630 613/613/613 1144/1144/1144
f 629/629/629 630/630/630 1144/1144/1144
f 627/627/627 630/630/630 629/629/629
f 180/180/180 632/632/632 633/633/633 631/631/631
f 632/632/632 165/165/165 617/617/617 633/633/633
f 633/633/633 617/617/617 164/164/164 628/628/628
f 631/631/631 633/633/633 628/628/628 179/179/179
f 632/632/632 180/180/180 650/650/650
f 650/650/650 181/181/181 166/166/166
f 166/166/166 165/165/165 632/632/632
f 632/632/632 650/650/650 166/166/166
f 654/654/654 182/182/182 167/167/167
f 166/166/166 181/181/181 654/654/654
f 167/167/167 166/166/166 654/654/654
f 658/658/658 183/183/183 168/168/168
f 167/167/167 182/182/182 658/658/658
f 168/168/168 167/167/167 658/658/658
f 662/662/662 184/184/184 169/169/169
f 168/168/168 183/183/183 662/662/662
f 169/169/169 168/168/168 662/662/662
f 666/666/666 185/185/185 170/170/170
f 169/169/169 184/184/184 666/666/666
f 170/170/170 169/169/169 666/666/666
f 670/670/670 186/186/186 171/171/171
f 170/170/170 185/185/185 670/670/670
f 171/171/171 170/170/170 670/670/670
f 674/674/674 187/187/187 172/172/172
f 171/171/171 186/186/186 674/674/674
f 172/172/172 171/171/171 674/674/674
f 678/678/678 188/188/188 173/173/173
f 172/172/172 187/187/187 678/678/678
f 173/173/173 172/172/172 678/678/678
f 682/682/682 189/189/189 174/174/174
f 173/173/173 188/188/188 682/682/682
f 174/174/174 173/173/173 682/682/682
f 686/686/686 190/190/190 636/636/636
f 636/636/636 175/175/175 174/174/174
f 174/174/174 189/189/189 686/686/686
f 686/686/686 636/636/636 174/174/174
f 191/191/191 635/635/635 637/637/637 634/634/634
f 635/635/635 176/176/176 620/620/620 637/637/637
f 637/637/637 620/620/620 175/175/175 636/636/636
f 634/634/634 637/637/637 636/636/636 190/190/190
f 192/192/192 640/640/640 638/638/638
f 1148/1148/1148 624/624/624 640/640/640
f 640/640/640 639/639/639 1148/1148/1148
f 640/640/640 624/624/624 176/176/176 635/635/635
f 638/638/638 640/640/640 635/635/635 191/191/191
f 194/194/194 642/642/642 644/644/644 641/641/641
f 642/642/642 179/179/179 627/627/627 644/644/644
f 644/644/644 627/627/627 178/178/178
f 641/641/641 644/644/644 643/643/643
f 195/195/195 646/646/646 647/647/647 645/645/645
f 646/646/646 180/180/180 631/631/631 647/647/647
f 647/647/647 631/631/631 179/179/179 642/642/642
f 645/645/645 647/647/647 642/642/642 194/194/194
f 196/196/196 649/649/649 651/651/651 648/648/648
f 649/649/649 181/181/181 650/650/650 651/651/651
f 651/651/651 650/650/650 180/180/180 646/646/646
f 648/648/648 651/651/651 646/646/646 195/195/195
f 197/197/197 653/653/653 655/655/655 652/652/652
f 653/653/653 182/182/182 654/654/654 655/655/655
f 655/655/655 654/654/654 181/181/181 649/649/649
f 652/652/652 655/655/655 649/649/649 196/196/196
f 198/198/198 657/657/657 659/659/659 656/656/656
f 657/657/657 183/183/183 658/658/658 659/659/659
f 659/659/659 658/658/658 182/182/182 653/653/653
f 656/656/656 659/659/659 653/653/653 197/197/197
f 199/199/199 661/661/661 663/663/663 660/660/660
f 661/661/661 184/184/184 662/662/662 663/663/663
f 663/663/663 662/662/662 183/183/183 657/657/657
f 660/660/660 663/663/663 657/657/657 198/198/198
f 200/200/200 665/665/665 667/667/667 664/664/664
f 665/665/665 185/185/185 666/666/666 667/667/667
f 667/667/667 666/666/666 184/184/184 661/661/661
f 664/664/664 667/667/667 661/661/661 199/199/199
f 201/201/201 669/669/669 671/671/671 668/668/668
f 669/669/669 186/186/186 670/670/670 671/671/671
f 671/671/671 670/670/670 185/185/185 665/665/665
f 668/668/668 671/671/671 665/665/665 200/200/200
f 202/202/202 673/673/673 675/675/675 672/672/672
f 673/673/673 187/187/187 674/674/674 675/675/675
f 675/675/675 674/674/674 186/186/186 669/669/669
f 672/672/672 675/675/675 669/669/669 201/201/201
f 203/203/203 677/677/677 679/679/679 676/676/676
f 677/677/677 188/188/188 678/678/678 679/679/679
f 679/679/679 678/678/678 187/187/187 673/673/673
f 676/676/676 679/679/679 673/673/673 202/202/202
f 204/204/204 681/681/681 683/683/683 680/680/680
f 681/681/681 189/189/189 682/682/682 683/683/683
f 683/683/683 682/682/682 188/188/188 677/677/677
f 680/680/680 683/683/683 677/677/677 203/203/203
f 205/205/205 685/685/685 687/687/687 684/684/684
f 685/685/685 190/190/190 686/686/686 687/687/687
f 687/687/687 686/686/686 189/189/189 681/681/681
f 684/684/684 687/687/687 681/681/681 204/204/204
f 206/206/206 689/689/689 690/690/690 688/688/688
f 689/689/689 191/191/191 634/634/634 690/690/690
f 690/690/690 634/634/634 190/190/190 685/685/685
f 688/688/688 690/690/690 685/685/685 205/205/205
f 207/207/207 693/693/693 691/691/691
f 692/692/692 638/638/638 693/693/693
f 693/693/693 638/638/638 191/191/191 689/689/689
f 691/691/691 693/693/693 689/689/689 206/206/206
f 209/209/209 695/695/695 697/697/697 694/694/694
f 695/695/695 194/194/194 641/641/641 697/697/697
f 697/697/697 641/641/641 193/193/193
f 694/694/694 697/697/697 696/696/696
f 210/210/210 699/699/699 700/700/700 698/698/698
f 699/699/699 195/195/195 645/645/645 700/700/700
f 700/700/700 645/645/645 194/194/194 695/695/695
f 698/698/698 700/700/700 695/695/695 209/209/209
f 211/211/211 702/702/702 703/703/703 701/701/701
f 702/702/702 196/196/196 648/648/648 703/703/703
f 703/703/703 648/648/648 195/195/195 699/699/699
f 701/701/701 703/703/703 699/699/699 210/210/210
f 212/212/212 705/705/705 706/706/706 704/704/704
f 705/705/705 197/197/197 652/652/652 706/706/706
f 706/706/706 652/652/652 196/196/196 702/702/702
f 704/704/704 706/706/706 702/702/702 211/211/211
f 213/213/213 708/708/708 709/709/709 707/707/707
f 708/708/708 198/198/198 656/656/656 709/709/709
f 709/709/709 656/656/656 197/197/197 705/705/705
f 707/707/707 709/709/709 705/705/705 212/212/212
f 214/214/214 711/711/711 712/712/712 710/710/710
f 711/711/711 199/199/199 660/660/660 712/712/712
f 712/712/712 660/660/660 198/198/198 708/708/708
f 710/710/710 712/712/712 708/708/708 213/213/213
f 215/215/215 714/714/714 715/715/715 713/713/713
f 714/714/714 200/200/200 664/664/664 715/715/715
f 715/715/715 664/664/664 199/199/199 711/711/711
f 713/713/713 715/715/715 711/711/711 214/214/214
f 216/216/216 717/717/717 718/718/718 716/716/716
f 717/717/717 201/201/201 668/668/668 718/718/718
f 718/718/718 668/668/668 200/200/200 714/714/714
f 716/716/716 718/718/718 714/714/714 215/215/215
f 217/217/217 720/720/720 721/721/721 719/719/719
f 720/720/720 202/202/202 672/672/672 721/721/721
f 721/721/721 672/672/672 201/201/201 717/717/717
f 719/719/719 721/721/721 717/717/717 216/216/216
f 218/218/218 723/723/723 724/724/724 722/722/722
f 723/723/723 203/203/203 676/676/676 724/724/724
f 724/724/724 676/676/676 202/202/202 720/720/720
f 722/722/722 724/724/724 720/720/720 217/217/217
f 219/219/219 726/726/726 727/727/727 725/725/725
f 726/726/726 204/204/204 680/680/680 727/727/727
f 727/727/727 680/680/680 203/203/203 723/723/723
f 725/725/725 727/727/727 723/723/723 218/218/218
f 220/220/220 729/729/729 730/730/730 728/728/728
f 729/729/729 205/205/205 684/684/684 730/730/730
f 730/730/730 684/684/684 204/204/204 726/726/726
f 728/728/728 730/730/730 726/726/726 219/219/219
f 221/221/221 732/732/732 733/733/733 731/731/731
f 732/732/732 206/206/206 688/688/688 733/733/733
f 733/733/733 688/688/688 205/205/205 729/729/729
f 731/731/731 733/733/733 729/729/729 220/220/220
f 222/222/222 736/736/736 734/734/734
f 735/735/735 691/691/691 736/736/736
f 736/736/736 691/691/691 206/206/206 732/732/732
f 734/734/734 736/736/736 732/732/732 221/221/221
f 224/224/224 738/738/738 740/740/740 737/737/737
f 738/738/738 209/209/209 694/694/694 740/740/740
f 740/740/740 694/694/694 208/208/208
f 737/737/737 740/740/740 739/739/739
f 225/225/225 742/742/742 743/743/743 741/741/741
f 742/742/742 210/210/210 698/698/698 743/743/743
f 743/743/743 698/698/698 209/209/209 738/738/738
f 741/741/741 743/743/743 738/738/738 224/224/224
f 226/226/226 745/745/745 746/746/746 744/744/744
f 745/745/745 211/211/211 701/701/701 746/746/746
f 746/746/746 701/701/701 210/210/210 742/742/742
f 744/744/744 746/746/746 742/742/742 225/225/225
f 227/227/227 748/748/748 749/749/749 747/747/747
f 748/748/748 212/212/212 704/704/704 749/749/749
f 749/749/749 704/704/704 211/211/211 745/745/745
f 747/747/747 749/749/749 745/745/745 226/226/226
f 228/228/228 751/751/751 752/752/752 750/750/750
f 751/751/751 213/213/213 707/707/707 752/752/752
f 752/752/752 707/707/707 212/212/212 748/748/748
f 750/750/750 752/752/752 748/748/748 227/227/227
f 229/229/229 754/754/754 755/755/755 753/753/753
f 754/754/754 214/214/214 710/710/710 755/755/755
f 755/755/755 710/710/710 213/213/213 751/751/751
f 753/753/753 755/755/755 751/751/751 228/228/228
f 230/230/230 757/757/757 758/758/758 756/756/756
f 757/757/757 215/215/215 713/713/713 758/758/758
f 758/758/758 713/713/713 214/214/214 754/754/754
f 756/756/756 758/758/758 754/754/754 229/229/229
f 231/231/231 760/760/760 761/761/761 759/759/759
f 760/760/760 216/216/216 716/716/716 761/761/761
f 761/761/761 716/716/716 215/215/215 757/757/757
f 759/759/759 761/761/761 757/757/757 230/230/230
f 232/232/232 763/763/763 764/764/764 762/762/762
f 763/763/763 217/217/217 719/719/719 764/764/764
f 764/764/764 719/719/719 216/216/216 760/760/760
f 762/762/762 764/764/764 760/760/760 231/231/231
f 233/233/233 766/766/766 767/767/767 765/765/765
f 766/766/766 218/218/218 722/722/722 767/767/767
f 767/767/767 722/722/722 217/217/217 763/763/763
f 765/765/765 767/767/767 763/763/763 232/232/232
f 234/234/234 769/769/769 770/770/770 768/768/768
f 769/769/769 219/219/219 725/725/725 770/770/770
f 770/770/770 725/725/725 218/218/218 766/766/766
f 768/768/768 770/770/770 766/766/766 233/233/233
f 235/235/235 772/772/772 773/773/773 771/771/771
f 772/772/772 220/220/220 728/728/728 773/773/773
f 773/773/773 728/728/728 219/219/219 769/769/769
f 771/771/771 773/773/773 769/769/769 234/234/234
f 236/236/236 775/775/775 776/776/776 774/774/774
f 775/775/775 221/221/221 731/731/731 776/776/776
f 776/776/776 731/731/731 220/220/220 772/772/772
f 774/774/774 776/776/776 772/772/772 235/235/235
f 237/237/237 779/779/779 777/777/777
f 778/778/778 734/734/734 779/779/779
f 779/779/779 734/734/734 221/221/221 775/775/775
f 777/777/777 779/779/779 775/775/775 236/236/236
f 239/239/239 781/781/781 783/783/783 780/780/780
f 781/781/781 224/224/224 737/737/737 783/783/783
f 783/783/783 737/737/737 223/223/223
f 780/780/780 783/783/783 782/782/782
f 240/240/240 785/785/785 786/786/786 784/784/784
f 785/785/785 225/225/225 741/741/741 786/786/786
f 786/786/786 741/741/741 224/224/224 781/781/781
f 784/784/784 786/786/786 781/781/781 239/239/239
f 744/744/744 225/225/225 785/785/785
f 785/785/785 240/240/240 241/241/241
f 241/241/241 226/226/226 744/744/744
f 744/744/744 785/785/785 241/241/241
f 747/747/747 226/226/226 241/241/241
f 242/242/242 227/227/227 747/747/747
f 241/241/241 242/242/242 747/747/747
f 750/750/750 227/227/227 242/242/242
f 243/243/243 228/228/228 750/750/750
f 242/242/242 243/243/243 750/750/750
f 753/753/753 228/228/228 243/243/243
f 244/244/244 229/229/229 753/753/753
f 243/243/243 244/244/244 753/753/753
f 756/756/756 229/229/229 244/244/244
f 245/245/245 230/230/230 756/756/756
f 244/244/244 245/245/245 756/756/756
f 759/759/759 230/230/230 245/245/245
f 246/246/246 231/231/231 759/759/759
f 245/245/245 246/246/246 759/759/759
f 762/762/762 231/231/231 246/246/246
f 247/247/247 232/232/232 762/762/762
f 246/246/246 247/247/247 762/762/762
f 765/765/765 232/232/232 247/247/247
f 248/248/248 233/233/233 765/765/765
f 247/247/247 248/248/248 765/765/765
f 768/768/768 233/233/233 248/248/248
f 249/249/249 234/234/234 768/768/768
f 248/248/248 249/249/249 768/768/768
f 789/789/789 235/235/235 771/771/771
f 771/771/771 234/234/234 249/249/249
f 249/249/249 250/250/250 789/789/789
f 789/789/789 771/771/771 249/249/249
f 251/251/251 788/788/788 790/790/790 787/787/787
f 788/788/788 236/236/236 774/774/774 790/790/790
f 790/790/790 774/774/774 235/235/235 789/789/789
f 787/787/787 790/790/790 789/789/789 250/250/250
f 252/252/252 793/793/793 791/791/791
f 792/792/792 777/777/777 793/793/793
f 793/793/793 777/777/777 236/236/236 788/788/788
f 791/791/791 793/793/793 788/788/788 251/251/251
f 254/254/254 795/795/795 797/797/797 794/794/794
f 795/795/795 239/239/239 780/780/780 797/797/797
f 797/797/797 780/780/780 238/238/238
f 794/794/794 797/797/797 796/796/796
f 255/255/255 799/799/799 800/800/800 798/798/798
f 799/799/799 240/240/240 784/784/784 800/800/800
f 800/800/800 784/784/784 239/239/239 795/795/795
f 798/798/798 800/800/800 795/795/795 254/254/254
f 799/799/799 255/255/255 256/256/256
f 241/241/241 240/240/240 799/799/799
f 256/256/256 241/241/241 799/799/799
f 257/257/257 242/242/242 241/241/241 256/256/256
f 258/258/258 243/243/243 242/242/242 257/257/257
f 259/259/259 244/244/244 243/243/243 258/258/258
f 260/260/260 245/245/245 244/244/244 259/259/259
f 261/261/261 246/246/246 245/245/245 260/260/260
f 262/262/262 247/247/247 246/246/246 261/261/261
f 263/263/263 248/248/248 247/247/247 262/262/262
f 264/264/264 249/249/249 248/248/248 263/263/263
f 803/803/803 250/250/250 249/249/249
f 264/264/264 265/265/265 803/803/803
f 249/249/249 264/264/264 803/803/803
f 266/266/266 802/802/802 804/804/804 801/801/801
f 802/802/802 251/251/251 787/787/787 804/804/804
f 804/804/804 787/787/787 250/250/250 803/803/803
f 801/801/801 804/804/804 803/803/803 265/265/265
f 807/807/807 805/805/805 1167/1167/1167
f 806/806/806 807/807/807 1167/1167/1167
f 806/806/806 791/791/791 807/807/807
f 807/807/807 791/791/791 251/251/251 802/802/802
f 805/805/805 807/807/807 802/802/802 266/266/266
f 1157/1157/1157 808/808/808 268/268/268
f 809/809/809 811/811/811 1157/1157/1157
f 268/268/268 809/809/809 1157/1157/1157
f 809/809/809 254/254/254 794/794/794 811/811/811
f 1158/1158/1158 811/811/811 794/794/794
f 794/794/794 253/253/253 1158/1158/1158
f 808/808/808 1157/1157/1157 1160/1160/1160 1156/1156/1156
f 1157/1157/1157 811/811/811 1158/1158/1158 1160/1160/1160
f 1160/1160/1160 1158/1158/1158 810/810/810
f 1156/1156/1156 1160/1160/1160 1159/1159/1159
f 269/269/269 813/813/813 814/814/814 812/812/812
f 813/813/813 255/255/255 798/798/798 814/814/814
f 814/814/814 798/798/798 254/254/254 809/809/809
f 812/812/812 814/814/814 809/809/809 268/268/268
f 813/813/813 269/269/269 270/270/270
f 256/256/256 255/255/255 813/813/813
f 270/270/270 256/256/256 813/813/813
f 271/271/271 257/257/257 256/256/256 270/270/270
f 272/272/272 258/258/258 257/257/257 271/271/271
f 273/273/273 259/259/259 258/258/258 272/272/272
f 274/274/274 260/260/260 259/259/259 273/273/273
f 275/275/275 261/261/261 260/260/260 274/274/274
f 276/276/276 262/262/262 261/261/261 275/275/275
f 277/277/277 263/263/263 262/262/262 276/276/276
f 278/278/278 264/264/264 263/263/263 277/277/277
f 817/817/817 265/265/265 264/264/264
f 278/278/278 279/279/279 817/817/817
f 264/264/264 278/278/278 817/817/817
f 280/280/280 816/816/816 818/818/818 815/815/815
f 816/816/816 266/266/266 801/801/801 818/818/818
f 818/818/818 801/801/801 265/265/265 817/817/817
f 815/815/815 818/818/818 817/817/817 279/279/279
f 281/281/281 1165/1165/1165 1161/1161/1161
f 1162/1162/1162 1163/1163/1163 1165/1165/1165
f 1165/1165/1165 1163/1163/1163 821/821/821 1164/1164/1164
f 1161/1161/1161 1165/1165/1165 1164/1164/1164 819/819/819
f 820/820/820 1169/1169/1169 1163/1163/1163
f 1166/1166/1166 1167/1167/1167 1169/1169/1169
f 1169/1169/1169 1167/1167/1167 805/805/805 1168/1168/1168
f 1163/1163/1163 1169/1169/1169 1168/1168/1168 821/821/821
f 1168/1168/1168 805/805/805 266/266/266
f 816/816/816 821/821/821 1168/1168/1168
f 266/266/266 816/816/816 1168/1168/1168
f 1164/1164/1164 821/821/821 816/816/816
f 280/280/280 819/819/819 1164/1164/1164
f 816/816/816 280/280/280 1164/1164/1164
f 1175/1175/1175 822/822/822 283/283/283
f 823/823/823 825/825/825 1175/1175/1175
f 283/283/283 823/823/823 1175/1175/1175
f 1171/1171/1171 825/825/825 823/823/823
f 268/268/268 808/808/808 1171/1171/1171
f 823/823/823 268/268/268 1171/1171/1171
f 825/825/825 1171/1171/1171 1173/1173/1173 1170/1170/1170
f 1171/1171/1171 808/808/808 1156/1156/1156 1173/1173/1173
f 1173/1173/1173 1156/1156/1156 267/267/267
f 1170/1170/1170 1173/1173/1173 1172/1172/1172
f 822/822/822 1175/1175/1175 1177/1177/1177 1174/1174/1174
f 1175/1175/1175 825/825/825 1170/1170/1170 1177/1177/1177
f 1177/1177/1177 1170/1170/1170 824/824/824
f 1174/1174/1174 1177/1177/1177 1176/1176/1176
f 284/284/284 827/827/827 828/828/828 826/826/826
f 827/827/827 269/269/269 812/812/812 828/828/828
f 828/828/828 812/812/812 268/268/268 823/823/823
f 826/826/826 828/828/828 823/823/823 283/283/283
f 827/827/827 284/284/284 285/285/285
f 270/270/270 269/269/269 827/827/827
f 285/285/285 270/270/270 827/827/827
f 286/286/286 271/271/271 270/270/270 285/285/285
f 287/287/287 272/272/272 271/271/271 286/286/286
f 288/288/288 273/273/273 272/272/272 287/287/287
f 289/289/289 274/274/274 273/273/273 288/288/288
f 290/290/290 275/275/275 274/274/274 289/289/289
f 291/291/291 276/276/276 275/275/275 290/290/290
f 292/292/292 277/277/277 276/276/276 291/291/291
f 293/293/293 278/278/278 277/277/277 292/292/292
f 831/831/831 279/279/279 278/278/278
f 293/293/293 294/294/294 831/831/831
f 278/278/278 293/293/293 831/831/831
f 295/295/295 830/830/830 832/832/832 829/829/829
f 830/830/830 280/280/280 815/815/815 832/832/832
f 832/832/832 815/815/815 279/279/279 831/831/831
f 829/829/829 832/832/832 831/831/831 294/294/294
f 296/296/296 1182/1182/1182 1178/1178/1178
f 1179/1179/1179 1180/1180/1180 1182/1182/1182
f 1182/1182/1182 1180/1180/1180 835/835/835 1181/1181/1181
f 1178/1178/1178 1182/1182/1182 1181/1181/1181 833/833/833
f 834/834/834 1185/1185/1185 1180/1180/1180
f 1183/1183/1183 1161/1161/1161 1185/1185/1185
f 1185/1185/1185 1161/1161/1161 819/819/819 1184/1184/1184
f 1180/1180/1180 1185/1185/1185 1184/1184/1184 835/835/835
f 1184/1184/1184 819/819/819 280/280/280
f 830/830/830 835/835/835 1184/1184/1184
f 280/280/280 830/830/830 1184/1184/1184
f 1181/1181/1181 835/835/835 830/830/830
f 295/295/295 833/833/833 1181/1181/1181
f 830/830/830 295/295/295 1181/1181/1181
f 1191/1191/1191 836/836/836 298/298/298
f 837/837/837 839/839/839 1191/1191/1191
f 298/298/298 837/837/837 1191/1191/1191
f 1187/1187/1187 839/839/839 837/837/837
f 283/283/283 822/822/822 1187/1187/1187
f 837/837/837 283/283/283 1187/1187/1187
f 839/839/839 1187/1187/1187 1189/1189/1189 1186/1186/1186
f 1187/1187/1187 822/822/822 1174/1174/1174 1189/1189/1189
f 1189/1189/1189 1174/1174/1174 282/282/282
f 1186/1186/1186 1189/1189/1189 1188/1188/1188
f 836/836/836 1191/1191/1191 1193/1193/1193 1190/1190/1190
f 1191/1191/1191 839/839/839 1186/1186/1186 1193/1193/1193
f 1193/1193/1193 1186/1186/1186 838/838/838
f 1190/1190/1190 1193/1193/1193 1192/1192/1192
f 299/299/299 841/841/841 842/842/842 840/840/840
f 841/841/841 284/284/284 826/826/826 842/842/842
f 842/842/842 826/826/826 283/283/283 837/837/837
f 840/840/840 842/842/842 837/837/837 298/298/298
f 841/841/841 299/299/299 300/300/300
f 285/285/285 284/284/284 841/841/841
f 300/300/300 285/285/285 841/841/841
f 301/301/301 286/286/286 285/285/285 300/300/300
f 302/302/302 287/287/287 286/286/286 301/301/301
f 303/303/303 288/288/288 287/287/287 302/302/302
f 304/304/304 289/289/289 288/288/288 303/303/303
f 305/305/305 290/290/290 289/289/289 304/304/304
f 306/306/306 291/291/291 290/290/290 305/305/305
f 307/307/307 292/292/292 291/291/291 306/306/306
f 308/308/308 293/293/293 292/292/292 307/307/307
f 845/845/845 294/294/294 293/293/293
f 308/308/308 309/309/309 845/845/845
f 293/293/293 308/308/308 845/845/845
f 310/310/310 844/844/844 846/846/846 843/843/843
f 844/844/844 295/295/295 829/829/829 846/846/846
f 846/846/846 829/829/829 294/294/294 845/845/845
f 843/843/843 846/846/846 845/845/845 309/309/309
f 311/311/311 1198/1198/1198 1194/1194/1194
f 1195/1195/1195 1196/1196/1196 1198/1198/1198
f 1198/1198/1198 1196/1196/1196 849/849/849 1197/1197/1197
f 1194/1194/1194 1198/1198/1198 1197/1197/1197 847/847/847
f 848/848/848 1201/1201/1201 1196/1196/1196
f 1199/1199/1199 1178/1178/1178 1201/1201/1201
f 1201/1201/1201 1178/1178/1178 833/833/833 1200/1200/1200
f 1196/1196/1196 1201/1201/1201 1200/1200/1200 849/849/849
f 1200/1200/1200 833/833/833 295/295/295
f 844/844/844 849/849/849 1200/1200/1200
f 295/295/295 844/844/844 1200/1200/1200
f 1197/1197/1197 849/849/849 844/844/844
f 310/310/310 847/847/847 1197/1197/1197
f 844/844/844 310/310/310 1197/1197/1197
f 1207/1207/1207 850/850/850 313/313/313
f 851/851/851 853/853/853 1207/1207/1207
f 313/313/313 851/851/851 1207/1207/1207
f 1203/1203/1203 853/853/853 851/851/851
f 298/298/298 836/836/836 1203/1203/1203
f 851/851/851 298/298/298 1203/1203/1203
f 853/853/853 1203/1203/1203 1205/1205/1205 1202/1202/1202
f 1203/1203/1203 836/836/836 1190/1190/1190 1205/1205/1205
f 1205/1205/1205 1190/1190/1190 297/297/297
f 1202/1202/1202 1205/1205/1205 1204/1204/1204
f 850/850/850 1207/1207/1207 1209/1209/1209 1206/1206/1206
f 1207/1207/1207 853/853/853 1202/1202/1202 1209/1209/1209
f 1209/1209/1209 1202/1202/1202 852/852/852
f 1206/1206/1206 1209/1209/1209 1208/1208/1208
f 314/314/314 855/855/855 856/856/856 854/854/854
f 855/855/855 299/299/299 840/840/840 856/856/856
f 856/856/856 840/840/840 298/298/298 851/851/851
f 854/854/854 856/856/856 851/851/851 313/313/313
f 855/855/855 314/314/314 315/315/315
f 300/300/300 299/299/299 855/855/855
f 315/315/315 300/300/300 855/855/855
f 316/316/316 301/301/301 300/300/300 315/315/315
f 317/317/317 302/302/302 301/301/301 316/316/316
f 318/318/318 303/303/303 302/302/302 317/317/317
f 319/319/319 304/304/304 303/303/303 318/318/318
f 320/320/320 305/305/305 304/304/304 319/319/319
f 321/321/321 306/306/306 305/305/305 320/320/320
f 322/322/322 307/307/307 306/306/306 321/321/321
f 323/323/323 308/308/308 307/307/307 322/322/322
f 859/859/859 309/309/309 308/308/308
f 323/323/323 324/324/324 859/859/859
f 308/308/308 323/323/323 859/859/859
f 325/325/325 858/858/858 860/860/860 857/857/857
f 858/858/858 310/310/310 843/843/843 860/860/860
f 860/860/860 843/843/843 309/309/309 859/859/859
f 857/857/857 860/860/860 859/859/859 324/324/324
f 326/326/326 1214/1214/1214 1210/1210/1210
f 1211/1211/1211 1212/1212/1212 1214/1214/1214
f 1214/1214/1214 1212/1212/1212 863/863/863 1213/1213/1213
f 1210/1210/1210 1214/1214/1214 1213/1213/1213 861/861/861
f 862/862/862 1217/1217/1217 1212/1212/1212
f 1215/1215/1215 1194/1194/1194 1217/1217/1217
f 1217/1217/1217 1194/1194/1194 847/847/847 1216/1216/1216
f 1212/1212/1212 1217/1217/1217 1216/1216/1216 863/863/863
f 1216/1216/1216 847/847/847 310/310/310
f 858/858/858 863/863/863 1216/1216/1216
f 310/310/310 858/858/858 1216/1216/1216
f 1213/1213/1213 863/863/863 858/858/858
f 325/325/325 861/861/861 1213/1213/1213
f 858/858/858 325/325/325 1213/1213/1213
f 1223/1223/1223 864/864/864 328/328/328
f 865/865/865 867/867/867 1223/1223/1223
f 328/328/328 865/865/865 1223/1223/1223
f 1219/1219/1219 867/867/867 865/865/865
f 313/313/313 850/850/850 1219/1219/1219
f 865/865/865 313/313/313 1219/1219/1219
f 867/867/867 1219/1219/1219 1221/1221/1221 1218/1218/1218
f 1219/1219/1219 850/850/850 1206/1206/1206 1221/1221/1221
f 1221/1221/1221 1206/1206/1206 312/312/312
f 1218/1218/1218 1221/1221/1221 1220/1220/1220
f 864/864/864 1223/1223/1223 1225/1225/1225 1222/1222/1222
f 1223/1223/1223 867/867/867 1218/1218/1218 1225/1225/1225
f 1225/1225/1225 1218/1218/1218 866/866/866
f 1222/1222/1222 1225/1225/1225 1224/1224/1224
f 329/329/329 869/869/869 870/870/870 868/868/868
f 869/869/869 314/314/314 854/854/854 870/870/870
f 870/870/870 854/854/854 313/313/313 865/865/865
f 868/868/868 870/870/870 865/865/865 328/328/328
f 869/869/869 329/329/329 330/330/330
f 315/315/315 314/314/314 869/869/869
f 330/330/330 315/315/315 869/869/869
f 331/331/331 316/316/316 315/315/315 330/330/330
f 332/332/332 317/317/317 316/316/316 331/331/331
f 333/333/333 318/318/318 317/317/317 332/332/332
f 334/334/334 319/319/319 318/318/318 333/333/333
f 335/335/335 320/320/320 319/319/319 334/334/334
f 336/336/336 321/321/321 320/320/320 335/335/335
f 337/337/337 322/322/322 321/321/321 336/336/336
f 338/338/338 323/323/323 322/322/322 337/337/337
f 873/873/873 324/324/324 323/323/323
f 338/338/338 339/339/339 873/873/873
f 323/323/323 338/338/338 873/873/873
f 340/340/340 872/872/872 874/874/874 871/871/871
f 872/872/872 325/325/325 857/857/857 874/874/874
f 874/874/874 857/857/857 324/324/324 873/873/873
f 871/871/871 874/874/874 873/873/873 339/339/339
f 341/341/341 1230/1230/1230 1226/1226/1226
f 1227/1227/1227 1228/1228/1228 1230/1230/1230
f 1230/1230/1230 1228/1228/1228 877/877/877 1229/1229/1229
f 1226/1226/1226 1230/1230/1230 1229/1229/1229 875/875/875
f 876/876/876 1233/1233/1233 1228/1228/1228
f 1231/1231/1231 1210/1210/1210 1233/1233/1233
f 1233/1233/1233 1210/1210/1210 861/861/861 1232/1232/1232
f 1228/1228/1228 1233/1233/1233 1232/1232/1232 877/877/877
f 1232/1232/1232 861/861/861 325/325/325
f 872/872/872 877/877/877 1232/1232/1232
f 325/325/325 872/872/872 1232/1232/1232
f 1229/1229/1229 877/877/877 872/872/872
f 340/340/340 875/875/875 1229/1229/1229
f 872/872/872 340/340/340 1229/1229/1229
f 1239/1239/1239 878/878/878 343/343/343
f 879/879/879 881/881/881 1239/1239/1239
f 343/343/343 879/879/879 1239/1239/1239
f 1235/1235/1235 881/881/881 879/879/879
f 328/328/328 864/864/864 1235/1235/1235
f 879/879/879 328/328/328 1235/1235/1235
f 881/881/881 1235/1235/1235 1237/1237/1237 1234/1234/1234
f 1235/1235/1235 864/864/864 1222/1222/1222 1237/1237/1237
f 1237/1237/1237 1222/1222/1222 327/327/327
f 1234/1234/1234 1237/1237/1237 1236/1236/1236
f 878/878/878 1239/1239/1239 1241/1241/1241 1238/1238/1238
f 1239/1239/1239 881/881/881 1234/1234/1234 1241/1241/1241
f 1241/1241/1241 1234/1234/1234 880/880/880
f 1238/1238/1238 1241/1241/1241 1240/1240/1240
f 344/344/344 883/883/883 884/884/884 882/882/882
f 883/883/883 329/329/329 868/868/868 884/884/884
f 884/884/884 868/868/868 328/328/328 879/879/879
f 882/882/882 884/884/884 879/879/879 343/343/343
f 883/883/883 344/344/344 345/345/345
f 330/330/330 329/329/329 883/883/883
f 345/345/345 330/330/330 883/883/883
f 346/346/346 331/331/331 330/330/330 345/345/345
f 347/347/347 332/332/332 331/331/331 346/346/346
f 348/348/348 333/333/333 332/332/332 347/347/347
f 349/349/349 334/334/334 333/333/333 348/348/348
f 350/350/350 335/335/335 334/334/334 349/349/349
f 351/351/351 336/336/336 335/335/335 350/350/350
f 352/352/352 337/337/337 336/336/336 351/351/351
f 353/353/353 338/338/338 337/337/337 352/352/352
f 887/887/887 339/339/339 338/338/338
f 353/353/353 354/354/354 887/887/887
f 338/338/338 353/353/353 887/887/887
f 355/355/355 886/886/886 888/888/888 885/885/885
f 886/886/886 340/340/340 871/871/871 888/888/888
f 888/888/888 871/871/871 339/339/339 887/887/887
f 885/885/885 888/888/888 887/887/887 354/354/354
f 356/356/356 1246/1246/1246 1242/1242/1242
f 1243/1243/1243 1244/1244/1244 1246/1246/1246
f 1246/1246/1246 1244/1244/1244 891/891/891 1245/1245/1245
f 1242/1242/1242 1246/1246/1246 1245/1245/1245 889/889/889
f 890/890/890 1249/1249/1249 1244/1244/1244
f 1247/1247/1247 1226/1226/1226 1249/1249/1249
f 1249/1249/1249 1226/1226/1226 875/875/875 1248/1248/1248
f 1244/1244/1244 1249/1249/1249 1248/1248/1248 891/891/891
f 1248/1248/1248 875/875/875 340/340/340
f 886/886/886 891/891/891 1248/1248/1248
f 340/340/340 886/886/886 1248/1248/1248
f 1245/1245/1245 891/891/891 886/886/886
f 355/355/355 889/889/889 1245/1245/1245
f 886/886/886 355/355/355 1245/1245/1245
f 1255/1255/1255 892/892/892 358/358/358
f 893/893/893 895/895/895 1255/1255/1255
f 358/358/358 893/893/893 1255/1255/1255
f 1251/1251/1251 895/895/895 893/893/893
f 343/343/343 878/878/878 1251/1251/1251
f 893/893/893 343/343/343 1251/1251/1251
f 895/895/895 1251/1251/1251 1253/1253/1253 1250/1250/1250
f 1251/1251/1251 878/878/878 1238/1238/1238 1253/1253/1253
f 1253/1253/1253 1238/1238/1238 342/342/342
f 1250/1250/1250 1253/1253/1253 1252/1252/1252
f 892/892/892 1255/1255/1255 1257/1257/1257 1254/1254/1254
f 1255/1255/1255 895/895/895 1250/1250/1250 1257/1257/1257
f 1257/1257/1257 1250/1250/1250 894/894/894
f 1254/1254/1254 1257/1257/1257 1256/1256/1256
f 359/359/359 897/897/897 898/898/898 896/896/896
f 897/897/897 344/344/344 882/882/882 898/898/898
f 898/898/898 882/882/882 343/343/343 893/893/893
f 896/896/896 898/898/898 893/893/893 358/358/358
f 897/897/897 359/359/359 360/360/360
f 345/345/345 344/344/344 897/897/897
f 360/360/360 345/345/345 897/897/897
f 361/361/361 346/346/346 345/345/345 360/360/360
f 362/362/362 347/347/347 346/346/346 361/361/361
f 363/363/363 348/348/348 347/347/347 362/362/362
f 364/364/364 349/349/349 348/348/348 363/363/363
f 365/365/365 350/350/350 349/349/349 364/364/364
f 366/366/366 351/351/351 350/350/350 365/365/365
f 367/367/367 352/352/352 351/351/351 366/366/366
f 368/368/368 353/353/353 352/352/352 367/367/367
f 901/901/901 354/354/354 353/353/353
f 368/368/368 369/369/369 901/901/901
f 353/353/353 368/368/368 901/901/901
f 370/370/370 900/900/900 902/902/902 899/899/899
f 900/900/900 355/355/355 885/885/885 902/902/902
f 902/902/902 885/885/885 354/354/354 901/901/901
f 899/899/899 902/902/902 901/901/901 369/369/369
f 371/371/371 1262/1262/1262 1258/1258/1258
f 1259/1259/1259 1260/1260/1260 1262/1262/1262
f 1262/1262/1262 1260/1260/1260 905/905/905 1261/1261/1261
f 1258/1258/1258 1262/1262/1262 1261/1261/1261 903/903/903
f 904/904/904 1265/1265/1265 1260/1260/1260
f 1263/1263/1263 1242/1242/1242 1265/1265/1265
f 1265/1265/1265 1242/1242/1242 889/889/889 1264/1264/1264
f 1260/1260/1260 1265/1265/1265 1264/1264/1264 905/905/905
f 1264/1264/1264 889/889/889 355/355/355
f 900/900/900 905/905/905 1264/1264/1264
f 355/355/355 900/900/900 1264/1264/1264
f 1261/1261/1261 905/905/905 900/900/900
f 370/370/370 903/903/903 1261/1261/1261
f 900/900/900 370/370/370 1261/1261/1261
f 1271/1271/1271 906/906/906 372/372/372
f 907/907/907 909/909/909 1271/1271/1271
f 372/372/372 907/907/907 1271/1271/1271
f 1267/1267/1267 909/909/909 907/907/907
f 358/358/358 892/892/892 1267/1267/1267
f 907/907/907 358/358/358 1267/1267/1267
f 909/909/909 1267/1267/1267 1269/1269/1269 1266/1266/1266
f 1267/1267/1267 892/892/892 1254/1254/1254 1269/1269/1269
f 1269/1269/1269 1254/1254/1254 357/357/357
f 1266/1266/1266 1269/1269/1269 1268/1268/1268
f 906/906/906 1271/1271/1271 1273/1273/1273 1270/1270/1270
f 1271/1271/1271 909/909/909 1266/1266/1266 1273/1273/1273
f 1273/1273/1273 1266/1266/1266 908/908/908
f 1270/1270/1270 1273/1273/1273 1272/1272/1272
f 373/373/373 911/911/911 912/912/912 910/910/910
f 911/911/911 359/359/359 896/896/896 912/912/912
f 912/912/912 896/896/896 358/358/358 907/907/907
f 910/910/910 912/912/912 907/907/907 372/372/372
f 911/911/911 373/373/373 374/374/374
f 360/360/360 359/359/359 911/911/911
f 374/374/374 360/360/360 911/911/911
f 375/375/375 361/361/361 360/360/360 374/374/374
f 376/376/376 362/362/362 361/361/361 375/375/375
f 377/377/377 363/363/363 362/362/362 376/376/376
f 378/378/378 364/364/364 363/363/363 377/377/377
f 379/379/379 365/365/365 364/364/364 378/378/378
f 380/380/380 366/366/366 365/365/365 379/379/379
f 381/381/381 367/367/367 366/366/366 380/380/380
f 382/382/382 368/368/368 367/367/367 381/381/381
f 915/915/915 369/369/369 368/368/368
f 382/382/382 383/383/383 915/915/915
f 368/368/368 382/382/382 915/915/915
f 384/384/384 914/914/914 916/916/916 913/913/913
f 914/914/914 370/370/370 899/899/899 916/916/916
f 916/916/916 899/899/899 369/369/369 915/915/915
f 913/913/913 916/916/916 915/915/915 383/383/383
f 385/385/385 1278/1278/1278 1274/1274/1274
f 1275/1275/1275 1276/1276/1276 1278/1278/1278
f 1278/1278/1278 1276/1276/1276 919/919/919 1277/1277/1277
f 1274/1274/1274 1278/1278/1278 1277/1277/1277 917/917/917
f 918/918/918 1281/1281/1281 1276/1276/1276
f 1279/1279/1279 1258/1258/1258 1281/1281/1281
f 1281/1281/1281 1258/1258/1258 903/903/903 1280/1280/1280
f 1276/1276/1276 1281/1281/1281 1280/1280/1280 919/919/919
f 1280/1280/1280 903/903/903 370/370/370
f 914/914/914 919/919/919 1280/1280/1280
f 370/370/370 914/914/914 1280/1280/1280
f 1277/1277/1277 919/919/919 914/914/914
f 384/384/384 917/917/917 1277/1277/1277
f 914/914/914 384/384/384 1277/1277/1277
f 387/387/387 921/921/921 923/923/923 920/920/920
f 921/921/921 372/372/372 906/906/906 923/923/923
f 923/923/923 906/906/906 1270/1270/1270
f 922/922/922 923/923/923 1270/1270/1270
f 920/920/920 923/923/923 922/922/922
f 388/388/388 925/925/925 926/926/926 924/924/924
f 925/925/925 373/373/373 910/910/910 926/926/926
f 926/926/926 910/910/910 372/372/372 921/921/921
f 924/924/924 926/926/926 921/921/921 387/387/387
f 925/925/925 388/388/388 943/943/943
f 943/943/943 389/389/389 374/374/374
f 374/374/374 373/373/373 925/925/925
f 925/925/925 943/943/943 374/374/374
f 947/947/947 390/390/390 375/375/375
f 374/374/374 389/389/389 947/947/947
f 375/375/375 374/374/374 947/947/947
f 951/951/951 391/391/391 376/376/376
f 375/375/375 390/390/390 951/951/951
f 376/376/376 375/375/375 951/951/951
f 955/955/955 392/392/392 377/377/377
f 376/376/376 391/391/391 955/955/955
f 377/377/377 376/376/376 955/955/955
f 959/959/959 393/393/393 378/378/378
f 377/377/377 392/392/392 959/959/959
f 378/378/378 377/377/377 959/959/959
f 963/963/963 394/394/394 379/379/379
f 378/378/378 393/393/393 963/963/963
f 379/379/379 378/378/378 963/963/963
f 967/967/967 395/395/395 380/380/380
f 379/379/379 394/394/394 967/967/967
f 380/380/380 379/379/379 967/967/967
f 971/971/971 396/396/396 381/381/381
f 380/380/380 395/395/395 971/971/971
f 381/381/381 380/380/380 971/971/971
f 975/975/975 397/397/397 382/382/382
f 381/381/381 396/396/396 975/975/975
f 382/382/382 381/381/381 975/975/975
f 979/979/979 398/398/398 929/929/929
f 929/929/929 383/383/383 382/382/382
f 382/382/382 397/397/397 979/979/979
f 979/979/979 929/929/929 382/382/382
f 399/399/399 928/928/928 930/930/930 927/927/927
f 928/928/928 384/384/384 913/913/913 930/930/930
f 930/930/930 913/913/913 383/383/383 929/929/929
f 927/927/927 930/930/930 929/929/929 398/398/398
f 400/400/400 933/933/933 931/931/931
f 1274/1274/1274 917/917/917 933/933/933
f 933/933/933 932/932/932 1274/1274/1274
f 933/933/933 917/917/917 384/384/384 928/928/928
f 931/931/931 933/933/933 928/928/928 399/399/399
f 402/402/402 935/935/935 937/937/937 934/934/934
f 935/935/935 387/387/387 920/920/920 937/937/937
f 937/937/937 920/920/920 386/386/386
f 934/934/934 937/937/937 936/936/936
f 403/403/403 939/939/939 940/940/940 938/938/938
f 939/939/939 388/388/388 924/924/924 940/940/940
f 940/940/940 924/924/924 387/387/387 935/935/935
f 938/938/938 940/940/940 935/935/935 402/402/402
f 404/404/404 942/942/942 944/944/944 941/941/941
f 942/942/942 389/389/389 943/943/943 944/944/944
f 944/944/944 943/943/943 388/388/388 939/939/939
f 941/941/941 944/944/944 939/939/939 403/403/403
f 405/405/405 946/946/946 948/948/948 945/945/945
f 946/946/946 390/390/390 947/947/947 948/948/948
f 948/948/948 947/947/947 389/389/389 942/942/942
f 945/945/945 948/948/948 942/942/942 404/404/404
f 406/406/406 950/950/950 952/952/952 949/949/949
f 950/950/950 391/391/391 951/951/951 952/952/952
f 952/952/952 951/951/951 390/390/390 946/946/946
f 949/949/949 952/952/952 946/946/946 405/405/405
f 407/407/407 954/954/954 956/956/956 953/953/953
f 954/954/954 392/392/392 955/955/955 956/956/956
f 956/956/956 955/955/955 391/391/391 950/950/950
f 953/953/953 956/956/956 950/950/950 406/406/406
f 408/408/408 958/958/958 960/960/960 957/957/957
f 958/958/958 393/393/393 959/959/959 960/960/960
f 960/960/960 959/959/959 392/392/392 954/954/954
f 957/957/957 960/960/960 954/954/954 407/407/407
f 409/409/409 962/962/962 964/964/964 961/961/961
f 962/962/962 394/394/394 963/963/963 964/964/964
f 964/964/964 963/963/963 393/393/393 958/958/958
f 961/961/961 964/964/964 958/958/958 408/408/408
f 410/410/410 966/966/966 968/968/968 965/965/965
f 966/966/966 395/395/395 967/967/967 968/968/968
f 968/968/968 967/967/967 394/394/394 962/962/962
f 965/965/965 968/968/968 962/962/962 409/409/409
f 411/411/411 970/970/970 972/972/972 969/969/969
f 970/970/970 396/396/396 971/971/971 972/972/972
f 972/972/972 971/971/971 395/395/395 966/966/966
f 969/969/969 972/972/972 966/966/966 410/410/410
f 412/412/412 974/974/974 976/976/976 973/973/973
f 974/974/974 397/397/397 975/975/975 976/976/976
f 976/976/976 975/975/975 396/396/396 970/970/970
f 973/973/973 976/976/976 970/970/970 411/411/411
f 413/413/413 978/978/978 980/980/980 977/977/977
f 978/978/978 398/398/398 979/979/979 980/980/980
f 980/980/980 979/979/979 397/397/397 974/974/974
f 977/977/977 980/980/980 974/974/974 412/412/412
f 414/414/414 982/982/982 983/983/983 981/981/981
f 982/982/982 399/399/399 927/927/927 983/983/983
f 983/983/983 927/927/927 398/398/398 978/978/978
f 981/981/981 983/983/983 978/978/978 413/413/413
f 415/415/415 986/986/986 984/984/984
f 985/985/985 931/931/931 986/986/986
f 986/986/986 931/931/931 399/399/399 982/982/982
f 984/984/984 986/986/986 982/982/982 414/414/414
f 416/416/416 988/988/988 990/990/990 987/987/987
f 988/988/988 402/402/402 934/934/934 990/990/990
f 990/990/990 934/934/934 401/401/401
f 987/987/987 990/990/990 989/989/989
f 417/417/417 992/992/992 993/993/993 991/991/991
f 992/992/992 403/403/403 938/938/938 993/993/993
f 993/993/993 938/938/938 402/402/402 988/988/988
f 991/991/991 993/993/993 988/988/988 416/416/416
f 418/418/418 995/995/995 996/996/996 994/994/994
f 995/995/995 404/404/404 941/941/941 996/996/996
f 996/996/996 941/941/941 403/403/403 992/992/992
f 994/994/994 996/996/996 992/992/992 417/417/417
f 419/419/419 998/998/998 999/999/999 997/997/997
f 998/998/998 405/405/405 945/945/945 999/999/999
f 999/999/999 945/945/945 404/404/404 995/995/995
f 997/997/997 999/999/999 995/995/995 418/418/418
f 420/420/420 1001/1001/1001 1002/1002/1002 1000/1000/1000
f 1001/1001/1001 406/406/406 949/949/949 1002/1002/1002
f 1002/1002/1002 949/949/949 405/405/405 998/998/998
f 1000/1000/1000 1002/1002/1002 998/998/998 419/419/419
f 421/421/421 1004/1004/1004 1005/1005/1005 1003/1003/1003
f 1004/1004/1004 407/407/407 953/953/953 1005/1005/1005
f 1005/1005/1005 953/953/953 406/406/406 1001/1001/1001
f 1003/1003/1003 1005/1005/1005 1001/1001/1001 420/420/420
f 422/422/422 1007/1007/1007 1008/1008/1008 1006/1006/1006
f 1007/1007/1007 408/408/408 957/957/957 1008/1008/1008
f 1008/1008/1008 957/957/957 407/407/407 1004/1004/1004
f 1006/1006/1006 1008/1008/1008 1004/1004/1004 421/421/421
f 423/423/423 1010/1010/1010 1011/1011/1011 1009/1009/1009
f 1010/1010/1010 409/409/409 961/961/961 1011/1011/1011
f 1011/1011/1011 961/961/961 408/408/408 1007/1007/1007
f 1009/1009/1009 1011/1011/1011 1007/1007/1007 422/422/422
f 424/424/424 1013/1013/1013 1014/1014/1014 1012/1012/1012
f 1013/1013/1013 410/410/410 965/965/965 1014/1014/1014
f 1014/1014/1014 965/965/965 409/409/409 1010/1010/1010
f 1012/1012/1012 1014/1014/1014 1010/1010/1010 423/423/423
f 425/425/425 1016/1016/1016 1017/1017/1017 1015/1015/1015
f 1016/1016/1016 411/411/411 969/969/969 1017/1017/1017
f 1017/1017/1017 969/969/969 410/410/410 1013/1013/1013
f 1015/1015/1015 1017/1017/1017 1013/1013/1013 424/424/424
f 426/426/426 1019/1019/1019 1020/1020/1020 1018/1018/1018
f 1019/1019/1019 412/412/412 973/973/973 1020/1020/1020
f 1020/1020/1020 973/973/973 411/411/411 1016/1016/1016
f 1018/1018/1018 1020/1020/1020 1016/1016/1016 425/425/425
f 427/427/427 1022/1022/1022 1023/1023/1023 1021/1021/1021
f 1022/1022/1022 413/413/413 977/977/977 1023/1023/1023
f 1023/1023/1023 977/977/977 412/412/412 1019/1019/1019
f 1021/1021/1021 1023/1023/1023 1019/1019/1019 426/426/426
f 428/428/428 1025/1025/1025 1026/1026/1026 1024/1024/1024
f 1025/1025/1025 414/414/414 981/981/981 1026/1026/1026
f 1026/1026/1026 981/981/981 413/413/413 1022/1022/1022
f 1024/1024/1024 1026/1026/1026 1022/1022/1022 427/427/427
f 429/429/429 1029/1029/1029 1027/1027/1027
f 1028/1028/1028 984/984/984 1029/1029/1029
f 1029/1029/1029 984/984/984 414/414/414 1025/1025/1025
f 1027/1027/1027 1029/1029/1029 1025/1025/1025 428/428/428
